tch_20200702-153909_1,vnw3-6V6g
tch_20200702-153909_2,FX3B-z3ok
tch_20200702-153909_3,XLmi-H7eA
tch_20200702-153909_4,B9G6-yC4E
tch_20200702-153909_5,R6JT-YoV3
tch_20200702-153909_6,NtrC-rt42
tch_20200702-153909_7,Gtvn-FA32
tch_20200702-153909_8,Pgc9-YjB2
tch_20200702-153909_9,k63Z-2TDK
tch_20200702-153909_10,AR8C-6DC7
tch_20200702-153909_11,eoqp-Qmy7
tch_20200702-153909_12,s727-DU7N
tch_20200702-153909_13,TEbK-j637
tch_20200702-153909_14,9gA2-6HNk
tch_20200702-153909_15,8F64-9mfq
tch_20200702-153909_16,T8W6-iAJF
tch_20200702-153909_17,hC9r-RFxc
tch_20200702-153909_18,ac49-d7Bd
tch_20200702-153909_19,wCx6-otjQ
tch_20200702-153909_20,vxDV-MgWf
tch_20200702-153909_21,J39E-3kFW
tch_20200702-153909_22,3RLY-MVKx
tch_20200702-153909_23,QHm2-DF68
tch_20200702-153909_24,afBq-v2N9
tch_20200702-153909_25,G2hA-9L4j
tch_20200702-153909_26,jKRk-PjAb
tch_20200702-153909_27,M3yN-4L3F
tch_20200702-153909_28,dACd-89pM
tch_20200702-153909_29,oqzG-c6b2
tch_20200702-153909_30,EN94-FZ8V
tch_20200702-153909_31,ZPEv-JRWv
tch_20200702-153909_32,eERq-7Ev3
tch_20200702-153909_33,4CpN-orzf
tch_20200702-153909_34,zD3A-9z2x
tch_20200702-153909_35,G47k-sC6b
tch_20200702-153909_36,ar9B-Vs3T
tch_20200702-153909_37,73a8-W49A
tch_20200702-153909_38,9ERZ-sMHw
tch_20200702-153909_39,U8C8-RvRn
tch_20200702-153909_40,Gkif-8MHw
tch_20200702-153909_41,UM8b-c36L
tch_20200702-153909_42,oHJF-6jYh
tch_20200702-153909_43,WvUR-67F4
tch_20200702-153909_44,9uF8-7bV8
tch_20200702-153909_45,72xs-aZoy
tch_20200702-153909_46,Az9H-W2wp
tch_20200702-153909_47,rpJ4-9vWf
tch_20200702-153909_48,NbH8-jWzd
tch_20200702-153909_49,3r9h-ntMw
tch_20200702-153909_50,87xL-BYRK
tch_20200702-153909_51,aAx4-HrDT
tch_20200702-153909_52,4jn7-BZax
tch_20200702-153909_53,d4qG-BLDV
tch_20200702-153909_54,YDPt-Pjyt
tch_20200702-153909_55,U89j-9FmD
tch_20200702-153909_56,qj2P-Tnuv
tch_20200702-153909_57,xKE6-z468
tch_20200702-153909_58,Mj82-q8kv
tch_20200702-153909_59,V3uB-b6qw
tch_20200702-153909_60,jKhQ-9dK3
tch_20200702-153909_61,ZfbT-2oxy
tch_20200702-153909_62,AG8j-62iR
tch_20200702-153909_63,tQju-mLFw
tch_20200702-153909_64,qQy4-va6e
tch_20200702-153909_65,XWVw-ezVP
tch_20200702-153909_66,vyqs-fRGx
tch_20200702-153909_67,L97X-TxU9
tch_20200702-153909_68,97sc-D47b
tch_20200702-153909_69,yA6n-khi9
tch_20200702-153909_70,kj38-XtL6
tch_20200702-153909_71,tCb6-3JkF
tch_20200702-153909_72,Urke-wd9x
tch_20200702-153909_73,jJ49-PwY2
tch_20200702-153909_74,74sj-dDEf
tch_20200702-153909_75,GgGC-42gu
tch_20200702-153909_76,8vyX-bQ7k
tch_20200702-153909_77,jiaz-TU6B
tch_20200702-153909_78,8hA8-fwfH
tch_20200702-153909_79,wkE8-63kN
tch_20200702-153909_80,Mwf7-V49n
tch_20200702-153909_81,v9wL-N28P
tch_20200702-153909_82,RV6w-iN8e
tch_20200702-153909_83,yMBN-9o4a
tch_20200702-153909_84,c2T4-Rwv3
tch_20200702-153909_85,j6wM-8YiT
tch_20200702-153909_86,gm4J-Pp2Q
tch_20200702-153909_87,cQKu-J4Fo
tch_20200702-153909_88,8bqb-6T43
tch_20200702-153909_89,dsiJ-bVPg
tch_20200702-153909_90,gy6W-NPE8
tch_20200702-153909_91,RuR6-RbP4
tch_20200702-153909_92,3QBJ-E2dj
tch_20200702-153909_93,AWey-9rGV
tch_20200702-153909_94,3Tjm-zbX9
tch_20200702-153909_95,q84P-eLEX
tch_20200702-153909_96,Fs4Y-8fGZ
tch_20200702-153909_97,W2qM-DprL
tch_20200702-153909_98,E3jV-c6CB
tch_20200702-153909_99,Wfva-83Nc
tch_20200702-153909_100,9ER2-u29w
tch_20200702-153909_101,PYKp-E3V2
tch_20200702-153909_102,Zum4-9nUC
tch_20200702-153909_103,bUvN-e9bV
tch_20200702-153909_104,3aEA-Jp68
tch_20200702-153909_105,7KMf-G7YG
tch_20200702-153909_106,6K86-7B24
tch_20200702-153909_107,Qjr6-Gv9n
tch_20200702-153909_108,HC2h-gRiU
tch_20200702-153909_109,XTq6-xpzi
tch_20200702-153909_110,f24h-FiBi
tch_20200702-153909_111,Cd9T-P49i
tch_20200702-153909_112,PQR4-JabU
tch_20200702-153909_113,6tjk-YoCe
tch_20200702-153909_114,6hz8-tw7V
tch_20200702-153909_115,4FN8-2oND
tch_20200702-153909_116,oKaG-8vc3
tch_20200702-153909_117,upye-qeh7
tch_20200702-153909_118,4jC2-M4Q3
tch_20200702-153909_119,yEV2-p96B
tch_20200702-153909_120,4QAP-xvdk
tch_20200702-153909_121,9J9T-rv4r
tch_20200702-153909_122,TBQs-rfD2
tch_20200702-153909_123,n9Fa-j78V
tch_20200702-153909_124,2nZk-4G62
tch_20200702-153909_125,PLYK-R8R7
tch_20200702-153909_126,qi7F-LH6W
tch_20200702-153909_127,8LBU-cDwN
tch_20200702-153909_128,AKJo-BAMt
tch_20200702-153909_129,2a2r-64n3
tch_20200702-153909_130,8gxK-Tf6F
tch_20200702-153909_131,saAj-FD46
tch_20200702-153909_132,3px8-WhiT
tch_20200702-153909_133,z2bP-vp8Q
tch_20200702-153909_134,J49e-8Ket
tch_20200702-153909_135,oLHP-am9e
tch_20200702-153909_136,H7q3-v4dZ
tch_20200702-153909_137,h6ph-3F8r
tch_20200702-153909_138,C92B-ux78
tch_20200702-153909_139,i9Ma-tR3A
tch_20200702-153909_140,3AzL-D7ae
tch_20200702-153909_141,3GVx-fwgn
tch_20200702-153909_142,mYHR-Nq7f
tch_20200702-153909_143,3sJ9-ZuEF
tch_20200702-153909_144,rmr4-BmEC
tch_20200702-153909_145,ud9u-9BAc
tch_20200702-153909_146,impi-cw8x
tch_20200702-153909_147,982N-q62N
tch_20200702-153909_148,qx7H-ox4f
tch_20200702-153909_149,aj74-VXm9
tch_20200702-153909_150,Lg9N-9ATk
tch_20200702-153909_151,gr4V-TJn8
tch_20200702-153909_152,CPj6-3xyL
tch_20200702-153909_153,WvDw-gyN4
tch_20200702-153909_154,36P6-eZ6o
tch_20200702-153909_155,f8mh-8D28
tch_20200702-153909_156,LR6M-aeA3
tch_20200702-153909_157,YiGa-98sj
tch_20200702-153909_158,W7y2-BhDt
tch_20200702-153909_159,Hkvy-R298
tch_20200702-153909_160,pYdB-R6VB
tch_20200702-153909_161,9PQp-42D4
tch_20200702-153909_162,Eo63-u6zy
tch_20200702-153909_163,7zcZ-Eon6
tch_20200702-153909_164,dYDj-W2PW
tch_20200702-153909_165,YAdM-3Xqk
tch_20200702-153909_166,KvPj-2kTp
tch_20200702-153909_167,eXtL-ov39
tch_20200702-153909_168,6egP-7w9W
tch_20200702-153909_169,spQ2-9WYo
tch_20200702-153909_170,6U6W-r7zK
tch_20200702-153909_171,tvJ3-z3Mx
tch_20200702-153909_172,nMyo-j67c
tch_20200702-153909_173,uq3x-hHgx
tch_20200702-153909_174,znrw-rmg2
tch_20200702-153909_175,FxR4-dnDv
tch_20200702-153909_176,8viL-u6UT
tch_20200702-153909_177,xvzg-mXMe
tch_20200702-153909_178,kF9D-2pum
tch_20200702-153909_179,83jP-6i97
tch_20200702-153909_180,mcZy-FV7b
tch_20200702-153909_181,6Mn8-L9aT
tch_20200702-153909_182,hdZn-92vR
tch_20200702-153909_183,948J-w6dZ
tch_20200702-153909_184,k4PV-28dq
tch_20200702-153909_185,4Y7w-R268
tch_20200702-153909_186,f9KT-w43X
tch_20200702-153909_187,ockJ-6Pqn
tch_20200702-153909_188,dRa9-4HUX
tch_20200702-153909_189,Lz2D-Ffc9
tch_20200702-153909_190,2Ljp-Thbg
tch_20200702-153909_191,WyYJ-ebdh
tch_20200702-153909_192,ZCfm-nRkU
tch_20200702-153909_193,qej9-Y7Hy
tch_20200702-153909_194,KM68-x9cF
tch_20200702-153909_195,zmq8-u8gf
tch_20200702-153909_196,WrVj-CN36
tch_20200702-153909_197,cTJh-Lm7o
tch_20200702-153909_198,WeYG-q6mg
tch_20200702-153909_199,JH4t-7NXJ
tch_20200702-153909_200,dx3u-DV4x
tch_20200702-153909_201,F6t3-7skP
tch_20200702-153909_202,Class_Code_NOT_FOUND
tch_20200702-153909_203,Class_Code_NOT_FOUND
tch_20200702-153909_204,Class_Code_NOT_FOUND
tch_20200702-153909_205,Class_Code_NOT_FOUND
tch_20200702-153909_206,Class_Code_NOT_FOUND
tch_20200702-153909_207,Class_Code_NOT_FOUND
tch_20200702-153909_208,Class_Code_NOT_FOUND
tch_20200702-153909_209,Class_Code_NOT_FOUND
tch_20200702-153909_210,Class_Code_NOT_FOUND
tch_20200702-153909_211,Class_Code_NOT_FOUND
tch_20200702-153909_212,Class_Code_NOT_FOUND
tch_20200702-153909_213,Class_Code_NOT_FOUND
tch_20200702-153909_214,Class_Code_NOT_FOUND
tch_20200702-153909_215,Class_Code_NOT_FOUND
tch_20200702-153909_216,Class_Code_NOT_FOUND
tch_20200702-153909_217,Class_Code_NOT_FOUND
tch_20200702-153909_218,Class_Code_NOT_FOUND
tch_20200702-153909_219,Class_Code_NOT_FOUND
tch_20200702-153909_220,Class_Code_NOT_FOUND
tch_20200702-153909_221,Class_Code_NOT_FOUND
tch_20200702-153909_222,Class_Code_NOT_FOUND
tch_20200702-153909_223,Class_Code_NOT_FOUND
tch_20200702-153909_224,Class_Code_NOT_FOUND
tch_20200702-153909_225,Class_Code_NOT_FOUND
tch_20200702-153909_226,Class_Code_NOT_FOUND
tch_20200702-153909_227,Class_Code_NOT_FOUND
tch_20200702-153909_228,Class_Code_NOT_FOUND
tch_20200702-153909_229,Class_Code_NOT_FOUND
tch_20200702-153909_230,Class_Code_NOT_FOUND
tch_20200702-153909_231,Class_Code_NOT_FOUND
tch_20200702-153909_232,Class_Code_NOT_FOUND
tch_20200702-153909_233,Class_Code_NOT_FOUND
tch_20200702-153909_234,Class_Code_NOT_FOUND
tch_20200702-153909_235,Class_Code_NOT_FOUND
tch_20200702-153909_236,Class_Code_NOT_FOUND
tch_20200702-153909_237,Class_Code_NOT_FOUND
tch_20200702-153909_238,Class_Code_NOT_FOUND
tch_20200702-153909_239,Class_Code_NOT_FOUND
tch_20200702-153909_240,Class_Code_NOT_FOUND
tch_20200702-153909_241,Class_Code_NOT_FOUND
tch_20200702-153909_242,Class_Code_NOT_FOUND
tch_20200702-153909_243,Class_Code_NOT_FOUND
tch_20200702-153909_244,Class_Code_NOT_FOUND
tch_20200702-153909_245,Class_Code_NOT_FOUND
tch_20200702-153909_246,Class_Code_NOT_FOUND
tch_20200702-153909_247,Class_Code_NOT_FOUND
tch_20200702-153909_248,Class_Code_NOT_FOUND
tch_20200702-153909_249,Class_Code_NOT_FOUND
tch_20200702-153909_250,Class_Code_NOT_FOUND
tch_20200702-153909_251,Class_Code_NOT_FOUND
tch_20200702-153909_252,Class_Code_NOT_FOUND
tch_20200702-153909_253,Class_Code_NOT_FOUND
tch_20200702-153909_254,F3Xt-h94C
tch_20200702-153909_255,H4oz-wtJF
tch_20200702-153909_256,T3R8-g82Q
tch_20200702-153909_257,h2D6-7ovy
tch_20200702-153909_258,n3sR-Nx8F
tch_20200702-153909_259,tF8i-tjHz
tch_20200702-153909_260,ZEMq-i476
tch_20200702-153909_261,2G8e-qW3h
tch_20200702-153909_262,eixz-9f46
tch_20200702-153909_263,nLZV-DVab
tch_20200702-153909_264,ko7w-gC32
tch_20200702-153909_265,69MX-pGsE
tch_20200702-153909_266,6r9N-47A6
tch_20200702-153909_267,e7mX-RQqG
tch_20200702-153909_268,8TuK-8CFw
tch_20200702-153909_269,HZFr-h9fB
tch_20200702-153909_270,3bG7-o3zv
tch_20200702-153909_271,LkpC-mLx7
tch_20200702-153909_272,g8ch-FM72
tch_20200702-153909_273,q9Fa-JpoR
tch_20200702-153909_274,X28R-4cPK
tch_20200702-153909_275,r3fv-AGe7
tch_20200702-153909_276,9khR-yHv6
tch_20200702-153909_277,iby4-ygtQ
tch_20200702-153909_278,9Ev3-qUB3
tch_20200702-153909_279,z484-KoML
tch_20200702-153909_280,6GXc-9qeo
tch_20200702-153909_281,Lpy4-ezu6
tch_20200702-153909_282,8Lc9-i2Y9
tch_20200702-153909_283,y7EJ-RpzQ
tch_20200702-153909_284,NJrA-Xzr8
tch_20200702-153909_285,nh7i-7FT6
tch_20200702-153909_286,LrBd-Q3gF
tch_20200702-153909_287,6cRa-E3m7
tch_20200702-153909_288,y83b-2nDY
tch_20200702-153909_289,4F3e-xhMy
tch_20200702-153909_290,W9A7-NGbR
tch_20200702-153909_291,9YZ8-xZa4
tch_20200702-153909_292,Xv78-F64j
tch_20200702-153909_293,9Z86-LZGw
tch_20200702-153909_294,v8wG-6b2c
tch_20200702-153909_295,36Ev-MA47
tch_20200702-153909_296,DYnj-np36
tch_20200702-153909_297,He24-B9Nd
tch_20200702-153909_298,sKR4-NUuV
tch_20200702-153909_299,bGCK-G4zj
tch_20200702-153909_300,39V8-LBCW
