tch_20220822-121532_1,class_20220822-121532_1,bG43-QoeH
tch_20220822-121532_2,class_20220822-121532_2,gWra-63A2
tch_20220822-121532_3,class_20220822-121532_3,LiZK-9d3H
tch_20220822-121532_4,class_20220822-121532_4,7Krp-M37w
tch_20220822-121532_5,class_20220822-121532_5,b6jX-PV94
tch_20220822-121532_6,class_20220822-121532_6,974C-347d
tch_20220822-121532_7,class_20220822-121532_7,9A7d-Vmsb
tch_20220822-121532_8,class_20220822-121532_8,J639-QZCw
tch_20220822-121532_9,class_20220822-121532_9,nuJ7-dziy
tch_20220822-121532_10,class_20220822-121532_10,c8Av-JQ9N
tch_20220822-121532_11,class_20220822-121532_11,4r8m-TtnE
tch_20220822-121532_12,class_20220822-121532_12,Gh9j-8eZh
tch_20220822-121532_13,class_20220822-121532_13,oZo7-tRkT
tch_20220822-121532_14,class_20220822-121532_14,24c2-8Xp7
tch_20220822-121532_15,class_20220822-121532_15,oa8E-eRFb
tch_20220822-121532_16,class_20220822-121532_16,4YE4-7fDY
tch_20220822-121532_17,class_20220822-121532_17,p2dJ-s7m3
tch_20220822-121532_18,class_20220822-121532_18,Lump-aKJf
tch_20220822-121532_19,class_20220822-121532_19,CUKo-qc6v
tch_20220822-121532_20,class_20220822-121532_20,3bWp-2d8P
tch_20220822-121532_21,class_20220822-121532_21,tg49-8hFh
tch_20220822-121532_22,class_20220822-121532_22,fn9j-rHC2
tch_20220822-121532_23,class_20220822-121532_23,YMW3-zHzk
tch_20220822-121532_24,class_20220822-121532_24,v7B8-972L
tch_20220822-121532_25,class_20220822-121532_25,4TMg-7FbR
tch_20220822-121532_26,class_20220822-121532_26,JgDQ-73q6
tch_20220822-121532_27,class_20220822-121532_27,y3p3-dHYL
tch_20220822-121532_28,class_20220822-121532_28,w2K9-4DtC
tch_20220822-121532_29,class_20220822-121532_29,6g4X-cbHi
tch_20220822-121532_30,class_20220822-121532_30,EN9w-3K3g
tch_20220822-121532_31,class_20220822-121532_31,pc64-8NZ8
tch_20220822-121532_32,class_20220822-121532_32,ExHy-6Wzg
tch_20220822-121532_33,class_20220822-121532_33,Q84g-6wWb
tch_20220822-121532_34,class_20220822-121532_34,kmu7-LWgK
tch_20220822-121532_35,class_20220822-121532_35,24Xe-Vq8d
tch_20220822-121532_36,class_20220822-121532_36,967y-Qy93
tch_20220822-121532_37,class_20220822-121532_37,D4pr-v94v
tch_20220822-121532_38,class_20220822-121532_38,Cenv-U6jv
tch_20220822-121532_39,class_20220822-121532_39,p4xa-ACKu
tch_20220822-121532_40,class_20220822-121532_40,78xL-g3uK
tch_20220822-121532_41,class_20220822-121532_41,q64G-HK73
tch_20220822-121532_42,class_20220822-121532_42,uk7g-t28K
tch_20220822-121532_43,class_20220822-121532_43,9V4y-TvQ3
tch_20220822-121532_44,class_20220822-121532_44,aeV6-MRBZ
tch_20220822-121532_45,class_20220822-121532_45,pxdj-R6B3
tch_20220822-121532_46,class_20220822-121532_46,mG7K-6Yar
tch_20220822-121532_47,class_20220822-121532_47,JP9w-7F8B
tch_20220822-121532_48,class_20220822-121532_48,kt8X-mnfh
tch_20220822-121532_49,class_20220822-121532_49,pxsF-XEQ7
tch_20220822-121532_50,class_20220822-121532_50,m6vR-39Mq
