std_1592562463517_1,eKeQ-REK9
std_1592562465524_2,Ap4t-qg3M
std_1592562467529_3,ibH3-eVTa
std_1592562469536_4,637P-HwQG
std_1592562471541_5,De67-hQ78
std_1592562473548_6,eKeQ-REK9
std_1592562475554_7,Ap4t-qg3M
std_1592562477558_8,ibH3-eVTa
std_1592562479565_9,637P-HwQG
std_1592562481570_10,De67-hQ78
std_1592562483576_11,eKeQ-REK9
std_1592562485581_12,Ap4t-qg3M
std_1592562487588_13,ibH3-eVTa
std_1592562489593_14,637P-HwQG
std_1592562491598_15,De67-hQ78
std_1592562493606_16,eKeQ-REK9
std_1592562495609_17,Ap4t-qg3M
std_1592562497615_18,ibH3-eVTa
std_1592562499621_19,637P-HwQG
std_1592562501625_20,De67-hQ78
std_1592562503661_21,eKeQ-REK9
std_1592562505661_22,Ap4t-qg3M
std_1592562507662_23,ibH3-eVTa
std_1592562509817_24,637P-HwQG
std_1592562511817_25,De67-hQ78
std_1592562513818_26,eKeQ-REK9
std_1592562515735_27,Ap4t-qg3M
std_1592562517818_28,ibH3-eVTa
std_1592562519819_29,637P-HwQG
std_1592562522170_30,De67-hQ78
std_1592562524251_31,eKeQ-REK9
std_1592562526251_32,Ap4t-qg3M
std_1592562528250_33,ibH3-eVTa
std_1592562530250_34,637P-HwQG
std_1592562532251_35,De67-hQ78
std_1592562534252_36,eKeQ-REK9
std_1592562536252_37,Ap4t-qg3M
std_1592562538250_38,ibH3-eVTa
std_1592562540251_39,637P-HwQG
std_1592562542251_40,De67-hQ78
std_1592562544251_41,eKeQ-REK9
std_1592562546251_42,Ap4t-qg3M
std_1592562548250_43,ibH3-eVTa
std_1592562550250_44,637P-HwQG
std_1592562552250_45,De67-hQ78
std_1592562554250_46,eKeQ-REK9
std_1592562556251_47,Ap4t-qg3M
std_1592562558251_48,ibH3-eVTa
std_1592562560251_49,637P-HwQG
std_1592562562250_50,De67-hQ78
std_1592562564251_51,eKeQ-REK9
std_1592562566251_52,Ap4t-qg3M
std_1592562568256_53,ibH3-eVTa
std_1592562570267_54,637P-HwQG
std_1592562572273_55,De67-hQ78
std_1592562574291_56,eKeQ-REK9
std_1592562576349_57,Ap4t-qg3M
std_1592562578357_58,ibH3-eVTa
std_1592562580366_59,637P-HwQG
std_1592562582371_60,De67-hQ78
std_1592562584378_61,eKeQ-REK9
std_1592562586384_62,Ap4t-qg3M
std_1592562588388_63,ibH3-eVTa
std_1592562590393_64,637P-HwQG
std_1592562592398_65,De67-hQ78
std_1592562594406_66,eKeQ-REK9
std_1592562596410_67,Ap4t-qg3M
std_1592562598415_68,ibH3-eVTa
std_1592562600420_69,637P-HwQG
std_1592562602426_70,De67-hQ78
std_1592562604432_71,eKeQ-REK9
std_1592562606436_72,Ap4t-qg3M
std_1592562608443_73,ibH3-eVTa
std_1592562610459_74,637P-HwQG
std_1592562612459_75,De67-hQ78
std_1592562614460_76,eKeQ-REK9
std_1592562616464_77,Ap4t-qg3M
std_1592562618469_78,ibH3-eVTa
std_1592562620474_79,637P-HwQG
std_1592562622480_80,De67-hQ78
std_1592562624485_81,eKeQ-REK9
std_1592562626491_82,Ap4t-qg3M
std_1592562628495_83,ibH3-eVTa
std_1592562630501_84,637P-HwQG
std_1592562632507_85,De67-hQ78
std_1592562634514_86,eKeQ-REK9
std_1592562636519_87,Ap4t-qg3M
std_1592562638526_88,ibH3-eVTa
std_1592562640532_89,637P-HwQG
std_1592562642537_90,De67-hQ78
std_1592562644542_91,eKeQ-REK9
std_1592562646548_92,Ap4t-qg3M
std_1592562648570_93,ibH3-eVTa
std_1592562650559_94,637P-HwQG
std_1592562652565_95,De67-hQ78
std_1592562654569_96,eKeQ-REK9
std_1592562656574_97,Ap4t-qg3M
std_1592562658578_98,ibH3-eVTa
std_1592562660583_99,637P-HwQG
std_1592562662588_100,De67-hQ78
