tchextuserid,classcode
tch_20210318-111245_2,BqJ4-9mUF
tch_20210318-111245_3,98ZR-fP7m
tch_20210318-111245_4,ych2-T2y2
tch_20210318-111245_5,z83u-vYfJ
tch_20210318-111245_6,78z6-A7Xi
tch_20210318-111245_7,Qkb3-zC72
tch_20210318-111245_8,G9Zq-gcu2
tch_20210318-111245_9,mt8B-a7tQ
tch_20210318-111245_10,6gMV-vB9g
tch_20210318-111245_11,PJ4g-Hjdo
tch_20210318-111245_12,mtQN-D4r2
tch_20210318-111245_13,Pw6V-n7Dm
tch_20210318-111245_14,nVZe-a3Z3
tch_20210318-111245_15,LjMu-8wvk
tch_20210318-111245_16,3CHU-xT2t
tch_20210318-111245_17,Q3cu-VzNY
tch_20210318-111245_18,3qy4-3HpD
tch_20210318-111245_19,T8GZ-vubC
tch_20210318-111245_20,WBd7-6r2A
tch_20210318-111245_21,mLNz-qE7E
tch_20210318-111245_22,9aW3-b8b6
tch_20210318-111245_23,j2X6-93Nf
tch_20210318-111245_24,7T9U-wp7s
tch_20210318-111245_25,UXut-FxJK
tch_20210318-111245_26,YZe3-vud8
tch_20210318-111245_27,VBRL-Qqg2
tch_20210318-111245_28,WQFL-v39G
tch_20210318-111245_29,s8gM-epjd
tch_20210318-111245_30,a9wv-JW69
tch_20210318-111245_31,BQ7d-MF4s
tch_20210318-111245_32,f4Rw-mk37
tch_20210318-111245_33,eoHB-AKbk
tch_20210318-111245_34,jge7-Y8uM
tch_20210318-111245_35,v3sh-e7zv
tch_20210318-111245_36,We7i-V3kG
tch_20210318-111245_37,AMue-BG2V
tch_20210318-111245_38,MPsG-9s8x
tch_20210318-111245_39,qbJ4-PrN7
tch_20210318-111245_40,83fh-i7gM
tch_20210318-111245_41,EMJ3-9g48
tch_20210318-111245_42,rQEX-64Wm
tch_20210318-111245_43,29aQ-ZnUY
tch_20210318-111245_44,b2wp-KUbP
tch_20210318-111245_45,CobV-qG76
tch_20210318-111245_46,Hq23-K7xT
tch_20210318-111245_47,6rCA-f6am
tch_20210318-111245_48,2GMP-3hP2
tch_20210318-111245_49,L3ia-xaT4
tch_20210318-111245_50,kgn9-DWL4