std_1597247442627_1,ceeebce7-a988-4ee2-8882-97ca2e0aa3bf,tch_20200812-154718_1
std_1597247389385_1,57217990-287b-4d39-a160-6110993d66fe,tch_20200812-154718_1
std_1597247472192_2,4c6c1089-0d0c-46a0-82cd-a9038f4e9e4e,tch_20200812-154718_2
std_1597247344840_1,21bdf45f-240d-4685-ac46-57d5277838c6,tch_20200812-154718_1
std_1597247492862_3,0594cfe0-a68a-4141-a6e9-f03e35fbc5ab,tch_20200812-154718_3
std_1597247423890_2,ad5d318a-081d-4fb7-a511-310f438e6584,tch_20200812-154718_2
std_1597247292381_1,999d2acc-e540-40bc-b726-22c128cd3c7e,tch_20200812-154718_1
std_1597247443813_3,52a5885d-2bd7-4587-805e-a7fac2b39b42,tch_20200812-154718_3
std_1597247381009_2,c4ea09a7-581c-4947-9c9c-e6260b8aff07,tch_20200812-154718_2
std_1597247541269_4,1994d608-d6d1-48fd-a03b-8ed85696c13f,tch_20200812-154718_4
std_1597247397908_3,0cf1181a-fb5f-4783-9ee2-cca3eca025ba,tch_20200812-154718_3
std_1597247329639_2,7979b170-7325-49e9-8411-2df46341123e,tch_20200812-154718_2
std_1597247492755_4,88c2d22c-5abd-44ce-8b60-31577e21ad54,tch_20200812-154718_4
std_1597247570167_5,6452295d-8613-4679-8e0c-d784eedb22be,tch_20200812-154718_5
std_1597247349457_3,bc5f1b3a-f0d0-4069-9caf-054dd06d999b,tch_20200812-154718_3
std_1597247440437_4,2fd2fc26-cf84-46c9-805a-333ccb4f05b4,tch_20200812-154718_4
std_1597247518347_5,47d330f7-414b-4c73-b9a9-6d9a9aa8c5b1,tch_20200812-154718_5
std_1597247594046_6,5287eab0-7a50-42b2-b2d3-ac5dec384017,tch_20200812-154718_6
std_1597247382531_4,312b28cc-2a9b-4405-8db7-671751052e68,tch_20200812-154718_4
std_1597247467511_5,bebacbac-0116-4a84-8911-fb829eb0c28a,tch_20200812-154718_5
std_1597247621115_7,f0196c1d-c8b6-4f40-b4a2-9be38d1b78db,tch_20200812-154718_7
std_1597247546205_6,cac76ee5-e9f4-47c9-9eef-10ed4e8fa187,tch_20200812-154718_6
std_1597247417028_5,4cb1f925-90a8-4216-ae67-7bb94789b7ef,tch_20200812-154718_5
std_1597247569318_7,9ee71a6c-d355-4eab-8178-c48714f6ad01,tch_20200812-154718_7
std_1597247498016_6,cc5f817e-d3e2-4bb2-bb0f-e2a4f4cf7f93,tch_20200812-154718_6
std_1597247660913_8,9476192f-12f6-47d7-b226-bd7368b35143,tch_20200812-154718_8
std_1597247524813_7,5caae7dc-1916-4c36-b62b-ce764e3fb5e0,tch_20200812-154718_7
std_1597247679754_9,1c16ec08-0d0a-4f7c-8202-a670cbde6f1e,tch_20200812-154718_9
std_1597247446983_6,993838c5-9a38-4531-8822-616633c19d04,tch_20200812-154718_6
std_1597247610648_8,5fe8b60c-bdaa-42e8-9368-d54b457ac593,tch_20200812-154718_8
std_1597247476858_7,d8c17e6e-0935-430e-a4c7-cacca39fa29d,tch_20200812-154718_7
std_1597247632241_9,1ba31b80-4dce-4ce9-ae6f-758443248d56,tch_20200812-154718_9
std_1597247563572_8,22f3bedb-09b5-490c-9e33-e8c4ff03bc5e,tch_20200812-154718_8
std_1597247715265_10,4faf71c4-0d81-40a0-b27b-c5717edefaef,tch_20200812-154718_10
std_1597247587282_9,85628b8d-7a4d-4e58-bc05-6f82cdd6090d,tch_20200812-154718_9
std_1597247512755_8,c3eccfe8-570e-4fe2-8f5b-8e858e55cc79,tch_20200812-154718_8
std_1597247669506_10,77e168f7-b9da-4cbd-876b-d2680c0b0939,tch_20200812-154718_10
std_1597247747879_11,0945b75a-47ea-4793-85ca-41b777b010a1,tch_20200812-154718_11
std_1597247539912_9,5bab1a9e-b285-4646-9d0a-19cdfaa9ebfa,tch_20200812-154718_9
std_1597247616850_10,871c80c7-0bb0-4351-a38a-ad60de5d9c7a,tch_20200812-154718_10
std_1597247699083_11,db713d1e-5959-4f84-a715-8be0744c2a22,tch_20200812-154718_11
std_1597247787875_12,f304abc2-529d-472b-98a3-8608926bf711,tch_20200812-154718_12
std_1597247572333_10,98d76481-e38d-4e4c-b250-2fd3cc76422a,tch_20200812-154718_10
std_1597247804884_13,28df75cf-4183-4852-9999-d9683fec893e,tch_20200812-154718_13
std_1597247656615_11,36b63c20-d288-4da0-8383-fe8f12d21323,tch_20200812-154718_11
std_1597247736482_12,cf7ae9d2-670b-4471-9115-cbc453cc5ddc,tch_20200812-154718_12
std_1597247754430_13,c49ec7bc-4109-4a53-868f-45a16c45bb28,tch_20200812-154718_13
std_1597247606036_11,cee27db1-b194-4127-8453-ad3bf3ac5266,tch_20200812-154718_11
std_1597247843612_14,b1f272db-d49f-416d-bec5-15088f973648,tch_20200812-154718_14
std_1597247683572_12,72f8fb2b-2586-4ecb-8c0c-ea6f1118a953,tch_20200812-154718_12
std_1597247710083_13,8c018681-1609-4795-b9ff-d85c680d2e65,tch_20200812-154718_13
std_1597247862273_15,c50f0a4d-599a-4386-ac82-5f68867feedb,tch_20200812-154718_15
std_1597247795154_14,84f6bbb2-6cfe-4401-b133-2c9728012324,tch_20200812-154718_14
std_1597247630124_12,939cf76e-8be1-4ac3-b967-091dac3b6a89,tch_20200812-154718_12
std_1597247659474_13,9ea041fb-7185-4d95-a090-1bddeb40835a,tch_20200812-154718_13
std_1597247816818_15,024ed8f4-6b2d-424b-b992-dd881352bc84,tch_20200812-154718_15
std_1597247742840_14,011d5780-aee0-4531-9f3c-f338bc9869c2,tch_20200812-154718_14
std_1597247909091_16,8639c69e-8cd9-4bd8-b4dd-4693cc2ae65c,tch_20200812-154718_16
std_1597247770008_15,1eef7800-2194-4307-8790-10407d4e6559,tch_20200812-154718_15
std_1597247694901_14,4154dd7b-4f1b-4cb2-897b-672b22e9d550,tch_20200812-154718_14
std_1597247860796_16,2ac509a2-51ca-46e3-9fb7-d9458ea83aa0,tch_20200812-154718_16
std_1597247729053_15,d04cfc2b-aa4e-48da-b382-8ed267b5bcf0,tch_20200812-154718_15
std_1597247945991_17,6b74d86b-eae7-44eb-852b-7872d35eac5c,tch_20200812-154718_17
std_1597247806526_16,0b884811-58c7-41c5-b47e-07651ea54f05,tch_20200812-154718_16
std_1597247890561_17,eac84986-4aad-4492-a3fb-d37bcb7e6929,tch_20200812-154718_17
std_1597247977028_18,47e300a1-1407-411d-bf9f-c1f8b14469f6,tch_20200812-154718_18
std_1597247757690_16,11e1d9de-6122-42aa-8b88-cd5d5674071e,tch_20200812-154718_16
std_1597247985429_19,156ccfdb-730d-47b5-adf7-a789887e6ce5,tch_20200812-154718_19
std_1597247839020_17,2bd22536-9eef-4fac-87c0-f0f56ac67434,tch_20200812-154718_17
std_1597247923169_18,e3793459-610a-478d-8146-7e46b75dfaa1,tch_20200812-154718_18
std_1597247938137_19,56c1de02-5462-4d51-80df-6b5e989f81c7,tch_20200812-154718_19
std_1597248026995_20,cfca0be2-8d02-4f35-9234-c67f30814eda,tch_20200812-154718_20
std_1597247869637_18,827b6537-e3a1-466f-afdb-ed399d83b1ec,tch_20200812-154718_18
std_1597247783639_17,f0e6e226-af2c-436e-8e99-4782a3bb253a,tch_20200812-154718_17
std_1597247889142_19,78c54634-8590-414c-8268-bb3fb3974680,tch_20200812-154718_19
std_1597247976412_20,9df1a555-6239-429e-a5dc-93c15547089f,tch_20200812-154718_20
std_1597247820462_18,7771aa81-1fd2-4deb-8fc5-862b78a5e0d8,tch_20200812-154718_18
std_1597248062342_21,3154430c-f088-4196-b0c7-0a80c2d4f241,tch_20200812-154718_21
std_1597247836136_19,ceac1753-d9f2-4ce7-8bb9-9f8b715b945c,tch_20200812-154718_19
std_1597247924382_20,532fb2cd-4731-4437-bdf3-6e64733e7a25,tch_20200812-154718_20
std_1597248092220_22,fa8e5022-485f-4df2-853e-c614bf4971c2,tch_20200812-154718_22
std_1597248013183_21,e9437ff6-86cd-4822-9f70-34b1329ee417,tch_20200812-154718_21
std_1597247872312_20,2b483670-6272-409d-87da-ee68183fc036,tch_20200812-154718_20
std_1597248101904_23,721ec054-5e4e-4769-b4c4-3b783a4ea02f,tch_20200812-154718_23
std_1597248036749_22,f69c4f2a-2a4c-403e-af96-24898812b4ea,tch_20200812-154718_22
std_1597247960952_21,59a93e2a-846d-44f5-bd79-8ee36212cd0f,tch_20200812-154718_21
std_1597248053141_23,b5901789-68ad-4360-81fc-b33710cda133,tch_20200812-154718_23
std_1597247985329_22,b81e3c24-0390-4c18-a0ff-abf58c4715ce,tch_20200812-154718_22
std_1597248148145_24,a6093133-b5ad-4672-8293-d0cc40200547,tch_20200812-154718_24
std_1597247906383_21,50c398a7-da71-4c1a-8bfc-8c1459982297,tch_20200812-154718_21
std_1597248009550_23,35291a81-7b3a-4726-918b-69c4be01a88d,tch_20200812-154718_23
std_1597247937646_22,783753a5-646f-4f91-b28b-147e03e03260,tch_20200812-154718_22
std_1597248097783_24,e4a8d806-c1cc-45b9-a2d4-76a5bea13871,tch_20200812-154718_24
std_1597248171910_25,655c2f6c-fbd3-422b-b127-6ef797f52f1b,tch_20200812-154718_25
std_1597247962776_23,6b02e1b3-daa3-4125-9e54-bdfceab38fc0,tch_20200812-154718_23
std_1597248050561_24,7ced6fff-71a0-4bed-9ee9-d8335950371f,tch_20200812-154718_24
std_1597248124083_25,6f9e9e52-1523-4c34-9400-98ae67481c1f,tch_20200812-154718_25
std_1597248212900_26,7af8c238-7a5e-43de-a528-00cb5a235a6a,tch_20200812-154718_26
std_1597247999557_24,7e676668-bc3b-4a09-85cf-ec95afb4ec74,tch_20200812-154718_24
std_1597248075673_25,b0f8c974-aae0-419a-aa69-19e38a198d95,tch_20200812-154718_25
std_1597248165061_26,9fb8553e-7791-46fb-a41b-d28e589c594b,tch_20200812-154718_26
std_1597248241483_27,b4fc52fc-8f25-4607-9e62-9a09c7512402,tch_20200812-154718_27
std_1597248025648_25,252b108f-e937-49c7-9b91-9de074f11681,tch_20200812-154718_25
std_1597248115167_26,d07954b1-3ea8-4bec-ac1d-a16a8f5159b8,tch_20200812-154718_26
std_1597248190739_27,2f5987e6-71a6-40e7-900f-6dd874a2af57,tch_20200812-154718_27
std_1597248270291_28,f5fa308b-4873-4e56-8dac-9e01ea1f4e5a,tch_20200812-154718_28
std_1597248059364_26,a52856f0-8f05-4178-88b5-5d31390c8ca7,tch_20200812-154718_26
std_1597248222619_28,20811032-9b26-4fdb-adec-43e1395b4f1b,tch_20200812-154718_28
std_1597248144478_27,ca06c670-acbf-4f72-af21-6ba6d8e8f34e,tch_20200812-154718_27
std_1597248298808_29,95fcda5e-4657-4403-9b8b-c3ad16196d47,tch_20200812-154718_29
std_1597248170022_28,98bbb26e-4cae-4690-86fd-fe00af4cf052,tch_20200812-154718_28
std_1597248093964_27,1f69e014-e6bf-47f9-aa03-5d982098de93,tch_20200812-154718_27
std_1597248247246_29,daa77729-a0dd-4ae9-a577-cf1a9dfea961,tch_20200812-154718_29
std_1597248327562_30,61002de8-0ff0-4d02-a8d6-8509e11a61f5,tch_20200812-154718_30
std_1597248117419_28,7d40220c-1d76-42dc-8316-c64fc87bf131,tch_20200812-154718_28
std_1597248195621_29,1a889f56-239f-42a8-baac-3a44f951d18e,tch_20200812-154718_29
std_1597248281157_30,efe33006-e2b1-4cde-9dfa-2d40022e29ef,tch_20200812-154718_30
std_1597248365166_31,514cd38d-7f80-4776-94e1-4729f6af3900,tch_20200812-154718_31
std_1597248147401_29,bae07eaf-db97-451e-8fd9-0dac04d59e1b,tch_20200812-154718_29
std_1597248232082_30,606ef897-4fca-49ba-b007-651adfd0d5ef,tch_20200812-154718_30
std_1597248388617_32,671ddbee-3d8d-47d8-a4ba-8cab6d915cbd,tch_20200812-154718_32
std_1597248313470_31,0a82acf8-e9ef-4c03-87b7-2b00ec8fbdda,tch_20200812-154718_31
std_1597248185244_30,03e65b3a-81e7-443c-b3c9-5ee2a01d6ac2,tch_20200812-154718_30
std_1597248334270_32,c68d7931-3b8a-40fa-b9a6-127235b46633,tch_20200812-154718_32
std_1597248415585_33,0d364ada-e9b7-4209-b49a-4ced80c31d42,tch_20200812-154718_33
std_1597248268839_31,cadcc6c8-6188-40dc-8052-1d4c07e69ef5,tch_20200812-154718_31
std_1597248287904_32,247c5d09-7604-44dc-bbc0-5c090b5cf662,tch_20200812-154718_32
std_1597248367313_33,dcbf8074-e916-4d8d-a753-ee25063378cb,tch_20200812-154718_33
std_1597248211272_31,aa10d9cb-afa5-4bdf-975d-07b498ae535a,tch_20200812-154718_31
std_1597248449865_34,d1e1a7b0-277d-4312-b11a-a7f8037bf4d8,tch_20200812-154718_34
std_1597248321874_33,f9d31551-1ad8-4bac-9f27-5ff6dafe0195,tch_20200812-154718_33
std_1597248240747_32,cb48f829-09ea-420c-a581-65a5132562a3,tch_20200812-154718_32
std_1597248478154_35,3db46a06-2b21-4ab6-ad72-3cfe27492c69,tch_20200812-154718_35
std_1597248405848_34,4b360d91-5c12-4ac6-a2c7-55d1d718b707,tch_20200812-154718_34
std_1597248269081_33,9abdfd83-2ba0-433e-b48f-759389ea206d,tch_20200812-154718_33
std_1597248357191_34,b2d7e911-9121-468e-bd4b-220d858824b9,tch_20200812-154718_34
std_1597248433201_35,316a2391-c9b2-4a21-a0b8-dfd781012017,tch_20200812-154718_35
std_1597248511801_36,1ba44227-2461-434b-80ee-f7bff589c07c,tch_20200812-154718_36
std_1597248300576_34,57c9913f-296b-4f7e-8afd-0008a2c3c2cd,tch_20200812-154718_34
std_1597248378800_35,32707e90-4892-4afd-bf72-5b967cff991d,tch_20200812-154718_35
std_1597248539471_37,cf90b14c-85f3-4cd7-b22b-308373ffc9c0,tch_20200812-154718_37
std_1597248463907_36,fbbe2148-4b49-44e4-b18b-ae0a91941d68,tch_20200812-154718_36
std_1597248333956_35,0a44e236-23a5-434d-a02f-9718ccb10b4f,tch_20200812-154718_35
std_1597248490281_37,9434d81e-42d8-450e-801e-4cdf43aeafab,tch_20200812-154718_37
std_1597248566719_38,9ca8d838-e660-4b4b-bd97-75521ea7cc9d,tch_20200812-154718_38
std_1597248410862_36,23acf923-581e-41f8-9c4d-9fc3a8e8cc6c,tch_20200812-154718_36
std_1597248443558_37,7f6ee572-554e-4283-975d-c6111861f4fd,tch_20200812-154718_37
std_1597248514007_38,9c8824cf-0c60-4389-8dd1-b8e5bb52336d,tch_20200812-154718_38
std_1597248361623_36,e7db9f6b-f6a2-411f-8ef8-4b5ac2d8af37,tch_20200812-154718_36
std_1597248602430_39,a10818dc-493b-42bb-a9bd-4cdc8734c677,tch_20200812-154718_39
std_1597248390599_37,82ceeeb7-b744-4e88-af1d-875485c032fb,tch_20200812-154718_37
std_1597248465263_38,eac4b791-28af-417b-ab8e-7efc0e14f8de,tch_20200812-154718_38
std_1597248553093_39,d800a303-b9f1-4304-a201-ae9581ed7247,tch_20200812-154718_39
std_1597248636771_40,29567fa1-8d5d-4673-83ce-7b80b68bbd03,tch_20200812-154718_40
std_1597248419515_38,9bade12b-ee62-48d8-8e23-902450d5ef26,tch_20200812-154718_38
std_1597248505088_39,03196241-1aa1-4798-8a98-f29339195463,tch_20200812-154718_39
std_1597248662801_41,16c458a6-c730-4edd-b602-6f3adc3752a0,tch_20200812-154718_41
std_1597248585207_40,522e8b82-3e40-478e-b12d-8db17125d3fb,tch_20200812-154718_40
std_1597248454805_39,0734b340-b78a-4036-b787-1a1230cef2c3,tch_20200812-154718_39
std_1597248615777_41,d57e2081-0855-4961-a437-1cfabe374f98,tch_20200812-154718_41
std_1597248684993_42,fe67eca6-f25b-45e2-ba24-53d5368795f2,tch_20200812-154718_42
std_1597248534368_40,8c197afa-05f2-4e59-bc4a-db279c1e4ba2,tch_20200812-154718_40
std_1597248569075_41,0a03380f-5f34-452f-adce-739dfd4be454,tch_20200812-154718_41
std_1597248641676_42,0e96bc42-f02c-46ec-aa5f-27002c9b09ea,tch_20200812-154718_42
std_1597248485080_40,c9528929-0af4-44ed-a6a9-3e2650a45c84,tch_20200812-154718_40
std_1597248723827_43,0290043d-8c0d-48fe-b016-7c7ccab723f4,tch_20200812-154718_43
std_1597248516084_41,b064e386-fbde-468a-b266-562183b338f4,tch_20200812-154718_41
std_1597248596792_42,04c7a1cc-73a7-42c4-bb21-79aa79e18a80,tch_20200812-154718_42
std_1597248677820_43,9dd9837b-7d3a-4961-86ae-c62845ca4a20,tch_20200812-154718_43
std_1597248762823_44,2fbe05b5-5547-4ad6-a45a-ff426de8ce13,tch_20200812-154718_44
std_1597248545289_42,339d7ba4-bfa6-4884-88be-8d0bd43c3361,tch_20200812-154718_42
std_1597248633776_43,26895042-9420-4f7d-b5bb-df2596af5e03,tch_20200812-154718_43
std_1597248711543_44,e8d3ce44-c5ec-4f8a-9116-3eedd1ecfcbd,tch_20200812-154718_44
std_1597248794092_45,cda430d7-dcc7-4e88-b31d-02edd4ed97a0,tch_20200812-154718_45
std_1597248577323_43,329d5359-c930-46a0-8979-62b7c830ac5d,tch_20200812-154718_43
std_1597248659051_44,bd3d3273-efcb-4b8a-b622-c1ad14a1ba5d,tch_20200812-154718_44
std_1597248742604_45,56923ce6-bb78-4b20-824d-2b3e13848bce,tch_20200812-154718_45
std_1597248824728_46,2259e358-d62e-40b5-a75b-4eb6224b6c1c,tch_20200812-154718_46
std_1597248689350_45,ed46f9fd-ffad-464b-95a1-0207e94fab9e,tch_20200812-154718_45
std_1597248608398_44,9675aac4-6615-4458-9edc-6b91f4b858ee,tch_20200812-154718_44
std_1597248765951_46,2b9ec2e0-7317-426c-8022-a8534d3119fc,tch_20200812-154718_46
std_1597248861994_47,6a3e41f4-5d7b-4c4d-8fda-e77c64b15195,tch_20200812-154718_47
std_1597248637557_45,e0796677-5418-47de-acf0-4ad0b208445d,tch_20200812-154718_45
std_1597248716332_46,e4fab63f-cf70-4091-af3e-2c96dfa2719d,tch_20200812-154718_46
std_1597248882297_48,ada319ca-7335-45e4-9e79-e522c3d73aef,tch_20200812-154718_48
std_1597248809146_47,a5720c49-3ec8-48a2-bc10-6b410e066770,tch_20200812-154718_47
std_1597248671020_46,3b4084f8-1b63-412b-9906-96d2f0ca8a4e,tch_20200812-154718_46
std_1597248831141_48,4d37dd50-037a-45ce-b36f-dfb573463eb1,tch_20200812-154718_48
std_1597248914052_49,de27a824-c996-422f-93cd-cc83c4ee64d3,tch_20200812-154718_49
std_1597248759316_47,3d022235-46d5-48bc-8000-90f3bff7379c,tch_20200812-154718_47
std_1597248779108_48,bf9b4bb0-8abe-42ba-b30a-97cfdfd4a5b7,tch_20200812-154718_48
std_1597248940698_50,4cf93a51-d70d-400b-b333-dff1de5de66c,tch_20200812-154718_50
std_1597248868372_49,e32ab1e8-ddc1-4f68-94c2-856045153617,tch_20200812-154718_49
std_1597248707540_47,4e5656ec-4484-4c3c-b1a7-5b4b6b31ee53,tch_20200812-154718_47
std_1597248963064_51,94ba754d-819f-4ff7-a7f3-cf90a04cc529,tch_20200812-154718_51
std_1597248730800_48,c2bab647-f65e-4700-a2cb-875f6f2af645,tch_20200812-154718_48
std_1597248891805_50,f01d5d2b-344e-415d-ad24-5039db95c70b,tch_20200812-154718_50
std_1597248812740_49,07c60c48-511d-4b41-a005-ffc3f85e7820,tch_20200812-154718_49
std_1597248917395_51,d2cf9579-bcbd-4e24-b204-7a4d8aadddfe,tch_20200812-154718_51
std_1597248841212_50,27b88133-73b6-4a9e-a5c7-69d089810010,tch_20200812-154718_50
std_1597248760688_49,f68ac814-8192-4821-884d-aff73c83fd36,tch_20200812-154718_49
std_1597249008762_52,4756f02a-339d-41e6-a1e4-e5811d86dc23,tch_20200812-154718_52
std_1597248872207_51,0c46fa82-4ce8-4cc8-b495-3ea5edea7a62,tch_20200812-154718_51
std_1597248789088_50,235103d3-7765-41fe-8fe4-9dfd0bbd4791,tch_20200812-154718_50
std_1597248954106_52,34574958-5cc7-47cd-913f-70c33e62bbc2,tch_20200812-154718_52
std_1597249035141_53,043f4c4b-1fb2-4243-9f36-8cb7128c7455,tch_20200812-154718_53
std_1597248822600_51,852e2fee-442e-4857-888a-f2362f627d43,tch_20200812-154718_51
std_1597249053682_54,85b87195-7497-47cd-8aba-cf1b47008f55,tch_20200812-154718_54
std_1597248905054_52,8693d253-5dcb-4552-bd0d-2142029ea3d2,tch_20200812-154718_52
std_1597248988545_53,298147a3-644a-4591-86ff-4f4a20ebe7db,tch_20200812-154718_53
std_1597249006627_54,3e9d5aaf-48d5-4189-b54c-6066ddf73e34,tch_20200812-154718_54
std_1597248852164_52,687aa6bd-75d9-4269-9bdc-a5842d89d4d4,tch_20200812-154718_52
std_1597248933687_53,5cd1952e-728b-48c9-bd87-ee073356db76,tch_20200812-154718_53
std_1597249093795_55,76f193f8-22b0-43b6-aa58-2fc31eea8132,tch_20200812-154718_55
std_1597248955588_54,16c70f26-2110-44e3-992d-6b05bae74acd,tch_20200812-154718_54
std_1597249116201_56,f0fee7c4-fe87-4c94-9bab-76d71ddff21d,tch_20200812-154718_56
std_1597248880802_53,02f4194d-9858-4452-ac24-d87d21f0c60c,tch_20200812-154718_53
std_1597249038939_55,3c0a0130-1e60-4a69-a548-c2355aa18cb4,tch_20200812-154718_55
std_1597248910237_54,15313d8c-752c-47db-a795-e974848356f0,tch_20200812-154718_54
std_1597249066690_56,4617ddf8-ae6e-48ee-b174-8b097fbc67ab,tch_20200812-154718_56
std_1597249144478_57,eebb1ef7-85c7-4c9c-a28f-b789add77e4c,tch_20200812-154718_57
std_1597248990711_55,790dcc81-ac37-48a9-bcc0-f4c47b7de994,tch_20200812-154718_55
std_1597249019605_56,f22fe6ad-0715-4e45-a887-f02343eeff83,tch_20200812-154718_56
std_1597248942136_55,8156ebc1-d883-49ee-bc5c-c4531fad46ea,tch_20200812-154718_55
std_1597249100408_57,b7d51578-05f2-41be-9097-0611d9ba1e65,tch_20200812-154718_57
std_1597249184935_58,d9561f6c-f9cf-4169-bea5-ef704b8d6fac,tch_20200812-154718_58
std_1597248975125_56,a58efe02-d8f8-4f5a-91c2-bb1335ef1326,tch_20200812-154718_56
std_1597249052575_57,ba17e594-d400-4e34-9d23-5e2fbe70e730,tch_20200812-154718_57
std_1597249129673_58,4b9bf92c-239f-46a4-b209-d918df07acd5,tch_20200812-154718_58
std_1597249218091_59,d6e317e9-9991-4c67-aa19-7207f1607799,tch_20200812-154718_59
std_1597249001072_57,b32dda9e-1437-46a6-bc4d-be86ea38f5a9,tch_20200812-154718_57
std_1597249078180_58,4ec2d3c4-500b-47ff-8caa-e1b2216f56d0,tch_20200812-154718_58
std_1597249232726_60,f87d9f9b-c550-45f0-b301-4b41bdf3f6db,tch_20200812-154718_60
std_1597249166017_59,74b9bff4-b33f-4546-9f70-232a61c58c94,tch_20200812-154718_59
std_1597249187763_60,16038c81-f160-4ccd-9794-e7c0a4c82299,tch_20200812-154718_60
std_1597249033191_58,12e10637-ac6d-4970-9979-a3a65fea2f7e,tch_20200812-154718_58
std_1597249269235_61,176b4031-9add-4aef-904b-8a06c06abd6d,tch_20200812-154718_61
std_1597249119122_59,c1ccc4fc-8d31-4a1b-9ac3-08a2a3d42854,tch_20200812-154718_59
std_1597249139893_60,658e699d-c3fe-422c-aab0-0cbd740e44f0,tch_20200812-154718_60
std_1597249295351_62,8c60f383-f95e-4864-b286-18de0e016296,tch_20200812-154718_62
std_1597249222118_61,9992fe0f-9755-49b9-8c67-6d691f91aaa1,tch_20200812-154718_61
std_1597249066661_59,eb548a0f-6d2d-40b3-a487-2b113c1a014b,tch_20200812-154718_59
std_1597249093126_60,4637ac46-0b7c-4933-89bb-7090e7b98446,tch_20200812-154718_60
std_1597249176444_61,e013661c-b62d-408a-86e6-91263f341800,tch_20200812-154718_61
std_1597249248764_62,d21d88cb-d5de-4844-82f7-5627839e71e5,tch_20200812-154718_62
std_1597249336764_63,ac49d30f-a1c2-4181-9379-ce01a928464c,tch_20200812-154718_63
std_1597249125843_61,ced7861c-7fd1-4e22-a34f-74d55eb8f7e2,tch_20200812-154718_61
std_1597249203157_62,7312249e-182f-4ade-9feb-9ca0318c68f2,tch_20200812-154718_62
std_1597249286380_63,68fe0c95-46a3-4dd4-9565-88198f16cb81,tch_20200812-154718_63
std_1597249154732_62,26a602e3-216a-4146-9c7c-1046aa792f99,tch_20200812-154718_62
std_1597249369827_64,af73adf0-f475-42eb-bf3a-fed9ea491358,tch_20200812-154718_64
std_1597249239282_63,0827e669-d738-4800-b795-dedfc4a4291f,tch_20200812-154718_63
std_1597249321909_64,8c06e6b3-27e3-4492-b3ba-f178fccd2def,tch_20200812-154718_64
std_1597249400377_65,c552ff77-e230-436f-ad3e-4275d7fc2506,tch_20200812-154718_65
std_1597249186293_63,c9e83299-c75b-43d5-81f7-bf1728695e6c,tch_20200812-154718_63
std_1597249269419_64,ef470c6f-15f6-4a01-ab47-11185d2f5df0,tch_20200812-154718_64
std_1597249425998_66,e16b7586-e7bb-42f1-9f6f-04cd6e809cef,tch_20200812-154718_66
std_1597249344463_65,28c49e8d-e99c-47c0-b6ef-d4e438b5bf10,tch_20200812-154718_65
std_1597249222048_64,e3eb78a5-f23b-4618-8c95-dbca272847c1,tch_20200812-154718_64
std_1597249381262_66,3b52107e-fcb2-4b9c-a654-608b14793f34,tch_20200812-154718_66
std_1597249295463_65,332d3f05-7333-4eee-8300-c34028e26275,tch_20200812-154718_65
std_1597249456433_67,19bfaac4-be22-4087-960f-a5b42371f8f8,tch_20200812-154718_67
std_1597249332368_66,68d2df69-7e21-4556-9038-f671440d339d,tch_20200812-154718_66
std_1597249248701_65,52477889-c480-4119-b6a2-20cabe543390,tch_20200812-154718_65
std_1597249406821_67,d4261fdd-0454-493c-a859-f0b51d4bddb3,tch_20200812-154718_67
std_1597249485846_68,cd086f1b-f1f7-4399-a632-d06f71dbe741,tch_20200812-154718_68
std_1597249279402_66,cea0544e-b46e-46e2-b858-76e9526e7cf9,tch_20200812-154718_66
std_1597249353773_67,aade5fb6-d4d1-450e-81c2-c2b53691ee97,tch_20200812-154718_67
std_1597249437564_68,c79cb5f3-d940-4549-8b49-4978a06774ee,tch_20200812-154718_68
std_1597249528120_69,aa70e367-d70b-4706-b19f-6e4d1ba8c65c,tch_20200812-154718_69
std_1597249305501_67,b6ba94b6-b6d1-43a3-9518-a090a996f638,tch_20200812-154718_67
std_1597249390490_68,08373d17-237a-42d9-87d5-7d75d64b7747,tch_20200812-154718_68
std_1597249550314_70,9b22e948-1739-47a1-9235-26667f132e5d,tch_20200812-154718_70
std_1597249478439_69,a01d43e6-5e61-4392-bd95-b3a099c67865,tch_20200812-154718_69
std_1597249341344_68,d4820bf9-42bd-4e30-bfbb-fb5b1ba4c0ae,tch_20200812-154718_68
std_1597249425013_69,11ec8fec-68f6-40da-b929-068b61074d64,tch_20200812-154718_69
std_1597249500502_70,13ade129-b078-4921-84fd-94efbd7408e1,tch_20200812-154718_70
std_1597249586323_71,8e837b9a-43cd-4cc0-90c2-ea9d8324bff5,tch_20200812-154718_71
std_1597249372248_69,759b9ab7-1699-4c69-8824-4fe8b11fece9,tch_20200812-154718_69
std_1597249449939_70,3182a2ca-17af-449b-a4c9-0682507c3e7c,tch_20200812-154718_70
std_1597249533347_71,0b21d95a-4f38-4d8d-a858-244efd728ad2,tch_20200812-154718_71
std_1597249615393_72,06f3d479-579b-4fc4-8090-df861d3be0d6,tch_20200812-154718_72
std_1597249400681_70,1b27b911-05b3-4ef7-a949-5de21a388e77,tch_20200812-154718_70
std_1597249483996_71,42c5fc62-c465-413d-8ca0-0cc41424c9fb,tch_20200812-154718_71
std_1597249635625_73,4cd0f188-8cfe-4838-9430-d549692ee769,tch_20200812-154718_73
std_1597249569853_72,1e4243ac-c842-4002-abc0-f1140a70ed81,tch_20200812-154718_72
std_1597249433872_71,6599022e-ed19-4dbe-8368-410e9e875ca1,tch_20200812-154718_71
std_1597249585665_73,98c1a2f5-0ebe-4c77-b213-773f94292c88,tch_20200812-154718_73
std_1597249669089_74,c997c0ca-ef11-4df5-955a-19004239806c,tch_20200812-154718_74
std_1597249517321_72,c021144b-ad3c-4407-8ee0-1962cd96d727,tch_20200812-154718_72
std_1597249542043_73,6837c660-dea9-4352-a993-eb709407d44b,tch_20200812-154718_73
std_1597249692230_75,2d908977-3e04-4480-8433-251cea03c015,tch_20200812-154718_75
std_1597249614260_74,a52aae28-043a-46e4-9ae5-bf5c35dc4be2,tch_20200812-154718_74
std_1597249466502_72,a20f1dd8-51f3-44ff-9761-08900dd8ad32,tch_20200812-154718_72
std_1597249648055_75,0679463a-918c-4c1a-b18e-28ec50a13574,tch_20200812-154718_75
std_1597249492966_73,cc8f2a96-d13f-45aa-ac97-f28f48167215,tch_20200812-154718_73
std_1597249567829_74,e094f2c5-0ade-4fc0-a028-d8bb0cde9f1c,tch_20200812-154718_74
std_1597249734884_76,6c462151-685c-4cfc-a5a3-327e85cc15b2,tch_20200812-154718_76
std_1597249599968_75,9feacdff-537d-4a16-b6e1-c0f77d3f6640,tch_20200812-154718_75
std_1597249518112_74,1b9c9876-569c-4175-b9d4-6ae9ebd94a5c,tch_20200812-154718_74
std_1597249684000_76,c1044042-c3c1-4bb0-a4e1-b56ae5be9750,tch_20200812-154718_76
std_1597249762517_77,7e258b7d-0175-4ec1-825c-d19534defbc9,tch_20200812-154718_77
std_1597249551118_75,6c2ac01e-2124-4cb8-a718-31b7c81c0d02,tch_20200812-154718_75
std_1597249630618_76,2ce0b1d6-f985-487e-81d5-f7b6466699be,tch_20200812-154718_76
std_1597249787768_78,36931486-7899-4052-a23a-ccc8f5d9b950,tch_20200812-154718_78
std_1597249714894_77,103b3847-ab7d-4530-9f96-dc87bde5c2b2,tch_20200812-154718_77
std_1597249585089_76,af96cd9c-1106-4d66-aad2-94728ca0ea6f,tch_20200812-154718_76
std_1597249745633_78,1fcf3b82-71e8-453f-875c-25908ae236e4,tch_20200812-154718_78
std_1597249665238_77,74bcf4ae-c57c-42f4-8a1b-7ab2ccc36c64,tch_20200812-154718_77
std_1597249825900_79,f4b93a63-8548-4076-99df-3afbb7e5452e,tch_20200812-154718_79
std_1597249692636_78,a0c07d02-ff50-45ff-8c2e-119162a977c0,tch_20200812-154718_78
std_1597249614443_77,1374492b-a56f-4aca-ba9d-d7eda8cbb5bf,tch_20200812-154718_77
std_1597249777486_79,44639689-db43-4345-8fa2-204b6100a676,tch_20200812-154718_79
std_1597249862115_80,e0cce295-719e-4622-a7cf-1d12539fb6db,tch_20200812-154718_80
std_1597249642393_78,092669a9-10ad-4e76-b56e-8d8f530f3951,tch_20200812-154718_78
std_1597249872534_81,5fdbe469-c301-4ed7-bfef-bf142b91a92f,tch_20200812-154718_81
std_1597249726425_79,51ba0aa9-11f0-4b46-8a87-841416734f78,tch_20200812-154718_79
std_1597249806969_80,b1fffd4e-87a0-48ad-9dd3-2abc5d737069,tch_20200812-154718_80
std_1597249829637_81,aee84c54-f9cf-4dae-8ff0-aaf7e152a627,tch_20200812-154718_81
std_1597249673717_79,edbcb605-9707-43ec-975e-b38709114b7b,tch_20200812-154718_79
std_1597249758946_80,7b3e7f6b-795a-4fe9-912c-b86906e92124,tch_20200812-154718_80
std_1597249787348_81,e8855690-f6e3-444f-9b50-dac66c3992f6,tch_20200812-154718_81
std_1597249919008_82,1680b0a6-7b6e-4d08-9d43-33844995aa62,tch_20200812-154718_82
std_1597249710261_80,7782acb9-8ee2-4ba8-bc51-6bc17e734a37,tch_20200812-154718_80
std_1597249939742_83,2157ed07-282b-4e67-8fba-8f9b19f737f4,tch_20200812-154718_83
std_1597249738870_81,7f91052c-070c-42a0-9477-b91414d2aff0,tch_20200812-154718_81
std_1597249865053_82,57162e59-4624-445e-9d43-e9c1c7c47689,tch_20200812-154718_82
std_1597249887894_83,7d311830-e5b0-46e5-a5fb-aa4839004469,tch_20200812-154718_83
std_1597249979876_84,1f3f3fb4-6f0f-4ae2-a0ed-4cf9f08433cc,tch_20200812-154718_84
std_1597249814633_82,a8c7cc45-db69-48c8-a560-ed41d0835f78,tch_20200812-154718_82
std_1597249843992_83,134d63f9-d705-4bf1-9285-800ce60951dc,tch_20200812-154718_83
std_1597249933298_84,55e878da-b0f6-42ca-bb18-028b60c795ea,tch_20200812-154718_84
std_1597249762485_82,fecae24a-7c8b-4ed9-adc0-0e0602473fa3,tch_20200812-154718_82
std_1597250012362_85,0c45d1d8-22d4-4540-af39-e7995db193de,tch_20200812-154718_85
std_1597249796483_83,a681a45a-b494-4090-9e44-9c2dac663b86,tch_20200812-154718_83
std_1597249881294_84,e2e6863c-3f46-4985-b851-ed85edf6bbff,tch_20200812-154718_84
std_1597250038809_86,d1ce3d17-8b18-418b-872d-69f652d47534,tch_20200812-154718_86
std_1597249963428_85,0948e27d-d1a0-4f80-95b6-e52ac19388b3,tch_20200812-154718_85
std_1597249827958_84,a2427bcc-b873-484a-92a3-d4fde5dc2c76,tch_20200812-154718_84
std_1597249986774_86,d2f5e92d-e446-413f-8e4a-244d32787cdb,tch_20200812-154718_86
std_1597250063027_87,a6c15fc5-4f7f-4b77-97de-2c12ec8501d9,tch_20200812-154718_87
std_1597249912303_85,b61566b3-690d-4a68-99df-46ae43468463,tch_20200812-154718_85
std_1597249934387_86,24063be9-c9b8-40fd-a611-61ceb4e1d20f,tch_20200812-154718_86
std_1597250014482_87,249cf874-05b1-4a27-87f6-c34008372e02,tch_20200812-154718_87
std_1597249860545_85,fc6974d0-463f-49c0-8954-2593dd05080a,tch_20200812-154718_85
std_1597250099598_88,57b574db-dc42-464f-a7c6-4ee44ea24793,tch_20200812-154718_88
std_1597249893433_86,0cfac1c9-3cfc-4b5d-9d2b-549ef8e81ab9,tch_20200812-154718_86
std_1597249963982_87,9824ef5a-7a7b-4b45-8665-9ec558e82a22,tch_20200812-154718_87
std_1597250049019_88,791eb4e7-425a-40f3-a7f8-6405ff93075c,tch_20200812-154718_88
std_1597250139230_89,13b285b8-d889-46d0-ace4-4c281112cfb3,tch_20200812-154718_89
std_1597249917819_87,ffc75edb-7c91-4644-a491-95994760dfa6,tch_20200812-154718_87
std_1597249994149_88,447e2df4-f928-4f80-839f-37d21a17e305,tch_20200812-154718_88
std_1597250158212_90,de2a3f0b-f666-4806-8f9a-28e7c8e75910,tch_20200812-154718_90
std_1597250087430_89,393e3912-3f57-4f69-af15-a5d380e4d196,tch_20200812-154718_89
std_1597249947027_88,b5c67912-3b2f-444a-af65-390955d79eed,tch_20200812-154718_88
std_1597250103379_90,562936a7-3097-4918-874d-03e6a1d09547,tch_20200812-154718_90
std_1597250184745_91,a32da3c7-716f-4b93-940e-e685f6c6f0cb,tch_20200812-154718_91
std_1597250034522_89,5741150a-3ac8-4402-bfc3-2aea0f9b847a,tch_20200812-154718_89
std_1597250057710_90,059c37fd-097d-4eb6-a867-5dfe0ab376b3,tch_20200812-154718_90
std_1597250135903_91,2567fc02-2c17-40ed-ba72-38577ef09273,tch_20200812-154718_91
std_1597249984815_89,f93a0727-240a-42c6-957b-3004b0475cd7,tch_20200812-154718_89
std_1597250220649_92,9b0d90ca-6cad-4f93-8386-bcee261961cb,tch_20200812-154718_92
std_1597250011208_90,e249ad0d-a081-4759-a032-c6d463c0f1ac,tch_20200812-154718_90
std_1597250089175_91,24216436-4b95-4a2f-bcef-a8ab424e7ffd,tch_20200812-154718_91
std_1597250241929_93,cfc4e1b5-4eec-41ff-98db-362b07ac9954,tch_20200812-154718_93
std_1597250168375_92,4354cebd-41e4-4e2d-91ec-b45509534c32,tch_20200812-154718_92
std_1597250038450_91,4a551da6-8da4-4dd2-ae9e-dc34d092e785,tch_20200812-154718_91
std_1597250196359_93,46dc57bb-0240-481b-8a2e-a6c2357a2696,tch_20200812-154718_93
std_1597250277318_94,767c48f6-c057-4153-bf92-15ffdca9697a,tch_20200812-154718_94
std_1597250121307_92,27baa99c-95c8-4367-a310-ae8d7a2452b1,tch_20200812-154718_92
std_1597250148768_93,bfa46a4e-cb50-4df7-9e0a-c522b8d4eee9,tch_20200812-154718_93
std_1597250232226_94,ca756af9-21fc-40f1-9993-55fa80be5b8d,tch_20200812-154718_94
std_1597250303346_95,e4f7f5f4-6804-4e4d-ad04-1634c322b0ce,tch_20200812-154718_95
std_1597250073214_92,cd93879c-82a9-4ddb-89c8-53c9db1ef800,tch_20200812-154718_92
std_1597250104565_93,e8483626-a3d7-46a7-b524-5a30f9aed0df,tch_20200812-154718_93
std_1597250183648_94,4b6d3219-3bcb-40ce-aa5f-8b52c5c20699,tch_20200812-154718_94
std_1597250331113_96,f36f9609-09c3-4a47-a476-0c2fb9833a3a,tch_20200812-154718_96
std_1597250257780_95,ea77a587-8318-46d2-95d1-699a6f852b25,tch_20200812-154718_95
std_1597250133874_94,02744d1f-b59a-460b-b068-3b2d40a84d8a,tch_20200812-154718_94
std_1597250289151_96,75603586-453b-4b29-bc0a-92fc6ab79f46,tch_20200812-154718_96
std_1597250207259_95,c34d069c-657d-44fa-b046-08628309bd22,tch_20200812-154718_95
std_1597250367187_97,531b3b67-7dbc-4347-9105-96b71b4346a2,tch_20200812-154718_97
std_1597250240297_96,979a79c5-ffcb-4b86-b386-8cb73b69b581,tch_20200812-154718_96
std_1597250161705_95,70d84b93-9508-45a1-b259-319130954e6d,tch_20200812-154718_95
std_1597250326570_97,d5a9c8e7-a36d-4a00-9921-1a1a978679a2,tch_20200812-154718_97
std_1597250404025_98,109ee544-4c8a-47d5-94dd-78c2a6cdb481,tch_20200812-154718_98
std_1597250196499_96,2195f3b4-57a7-4788-ab8d-9f076ec2cdcc,tch_20200812-154718_96
std_1597250277404_97,b8b6e354-f616-4d7c-870d-744413691673,tch_20200812-154718_97
std_1597250428027_99,5e00f71c-00fc-4bc8-ab7e-d0f1bb7deb17,tch_20200812-154718_99
std_1597250350797_98,1db386da-2c53-4b30-bd90-b7f7ead51822,tch_20200812-154718_98
std_1597250229809_97,b53fcfb5-69e1-4089-ba94-abf6ed77754c,tch_20200812-154718_97
std_1597250380126_99,c5e8a435-1396-491c-8bc8-dd762b3230ca,tch_20200812-154718_99
std_1597250301672_98,27e71516-0092-4a1f-b944-9c5180145c62,tch_20200812-154718_98
std_1597250467603_100,eb877b6f-0727-4c4b-b88a-ff02d197f519,tch_20200812-154718_100
std_1597250329423_99,1eb4c3a3-6985-4623-92ad-b13632af69e9,tch_20200812-154718_99
std_1597250255096_98,027eb804-3761-4824-97df-fbdd92f682cf,tch_20200812-154718_98
std_1597250415863_100,ec4ad567-708c-4ea6-8f28-d39de7c8d578,tch_20200812-154718_100
std_1597250282966_99,21f17e7d-10d3-43a2-8eb6-5b40afaec5a0,tch_20200812-154718_99
std_1597250366757_100,473f6a63-a791-4067-a119-c94f3a3784ed,tch_20200812-154718_100
std_1597250314751_100,35b4675e-0aeb-4de9-9ae9-f112ffee5ef5,tch_20200812-154718_100
