tch_20201215-124621_1,dN8M-9Uqx
tch_20201215-124621_2,8U3E-aN8k
tch_20201215-124621_3,yxWw-r9rB
tch_20201215-124621_4,7jKL-Ag8k
tch_20201215-124621_5,K2H7-bVhG
tch_20201215-124621_6,934z-Kobp
tch_20201215-124621_7,2hkE-323a
tch_20201215-124621_8,3J4Y-TPs2
tch_20201215-124621_9,3Xgr-T8E3
tch_20201215-124621_10,48Tw-BjDb
tch_20201215-124621_11,2hTj-8bT7
tch_20201215-124621_12,jm69-MmDh
tch_20201215-124621_13,tpny-DMPX
tch_20201215-124621_14,8JtW-HYg8
tch_20201215-124621_15,9GwM-Nw63
tch_20201215-124621_16,4TKd-fmu8
tch_20201215-124621_17,29R4-PEFw
tch_20201215-124621_18,C4z7-VWrB
tch_20201215-124621_19,XcTJ-h6Jq
tch_20201215-124621_20,Jf4p-6uZX
tch_20201215-124621_21,WYjo-eyJN
tch_20201215-124621_22,Yv7v-x4Qk
tch_20201215-124621_23,Jtr8-qc6B
tch_20201215-124621_24,QC3e-cgH3
tch_20201215-124621_25,2F96-emNm
tch_20201215-124621_26,QDC6-fZmA
tch_20201215-124621_27,jKjY-2oNW
tch_20201215-124621_28,8d9g-wF97
tch_20201215-124621_29,ag78-ay9W
tch_20201215-124621_30,xXpx-UmL6
tch_20201215-124621_31,c8YC-Arov
tch_20201215-124621_32,97a7-f8ih
tch_20201215-124621_33,r9Le-Zt7e
tch_20201215-124621_34,8VpX-TdxH
tch_20201215-124621_35,4sKc-RF89
tch_20201215-124621_36,7Rih-tx48
tch_20201215-124621_37,WJ2v-GWoT
tch_20201215-124621_38,q9UY-e6tb
tch_20201215-124621_39,6o9Y-FYHg
tch_20201215-124621_40,nv9q-KWMY
tch_20201215-124621_41,byUt-rvkb
tch_20201215-124621_42,9pz4-dGy6
tch_20201215-124621_43,pbtE-CuN4
tch_20201215-124621_44,jgUb-h3DN
tch_20201215-124621_45,6Wog-82Xg
tch_20201215-124621_46,8zXt-Gpk3
tch_20201215-124621_47,vy6A-Tv37
tch_20201215-124621_48,yt8x-Wx96
tch_20201215-124621_49,9B9D-3LVb
tch_20201215-124621_50,ZbrV-4gX2
tch_20201215-124621_51,u4N9-43Bz
tch_20201215-124621_52,EcRf-u83F
tch_20201215-124621_53,3P72-7M82
tch_20201215-124621_54,GnME-z4v7
tch_20201215-124621_55,9yi2-W8ht
tch_20201215-124621_56,Liwa-72dv
tch_20201215-124621_57,kY38-srF2
tch_20201215-124621_58,qRJy-tUro
tch_20201215-124621_59,37po-937B
tch_20201215-124621_60,728E-C9hE
tch_20201215-124621_61,2nM3-h4YF
tch_20201215-124621_62,Ktf2-4Hwg
tch_20201215-124621_63,WX3r-3P6U
tch_20201215-124621_64,6NDU-BrYD
tch_20201215-124621_65,hN9L-C4Tp
tch_20201215-124621_66,3AfK-4qUa
tch_20201215-124621_67,ecKW-6QK4
tch_20201215-124621_68,ByoD-KptG
tch_20201215-124621_69,y7Rr-8vx2
tch_20201215-124621_70,8a6p-Hi4B
tch_20201215-124621_71,ur84-848j
tch_20201215-124621_72,LeB2-3LiB
tch_20201215-124621_73,V9hm-t9CL
tch_20201215-124621_74,73nC-9mBr
tch_20201215-124621_75,3T3K-87BV
tch_20201215-124621_76,hWN3-GNm3
tch_20201215-124621_77,Z94J-kLcC
tch_20201215-124621_78,3vrT-UtBX
tch_20201215-124621_79,iWAE-3DLa
tch_20201215-124621_80,kvb4-x6bj
tch_20201215-124621_81,dsN6-mwJ9
tch_20201215-124621_82,qLUj-dWnQ
tch_20201215-124621_83,7L2C-6Dpz
tch_20201215-124621_84,sAXm-Xz8g
tch_20201215-124621_85,mHzT-xz8L
tch_20201215-124621_86,Hnyu-rf43
tch_20201215-124621_87,fZWn-F4w6
tch_20201215-124621_88,gLm4-27wi
tch_20201215-124621_89,dQx2-8tBv
tch_20201215-124621_90,Hj8v-7rj3
tch_20201215-124621_91,9him-6U83
tch_20201215-124621_92,xgEb-tgLZ
tch_20201215-124621_93,zo2k-4c3W
tch_20201215-124621_94,v7bx-q7iH
tch_20201215-124621_95,hHAh-Rc9k
tch_20201215-124621_96,UvkW-w47o
tch_20201215-124621_97,Vt3q-kz73
tch_20201215-124621_98,y7Aa-63pW
tch_20201215-124621_99,qN8B-i97d
tch_20201215-124621_100,68uG-2YBV
