tch_20200625-194027_1,AeM6-zV3G
tch_20200625-194027_2,aoaf-9NAq
tch_20200625-194027_3,8X7z-2hZY
tch_20200625-194027_4,Cuvb-47qn
tch_20200625-194027_5,zE8U-mcnF
tch_20200625-194027_6,u9Ta-LZz7
tch_20200625-194027_7,VX9i-v6Zu
tch_20200625-194027_8,uDmC-JCVq
tch_20200625-194027_9,X7Ea-46xD
tch_20200625-194027_10,qQ3z-nV4X
tch_20200625-194027_11,9odK-JVoC
tch_20200625-194027_12,3N8T-FXBM
tch_20200625-194027_13,BHf6-e2Hc
tch_20200625-194027_14,X98A-r92W
tch_20200625-194027_15,92FW-mjtx
tch_20200625-194027_16,7sKg-e2JV
tch_20200625-194027_17,EMJP-d42Y
tch_20200625-194027_18,XA2b-XrEd
tch_20200625-194027_19,c396-oXvW
tch_20200625-194027_20,9X3W-8s8t
tch_20200625-194027_21,aZ36-htXv
tch_20200625-194027_22,BjF2-87cG
tch_20200625-194027_23,96ri-pUyt
tch_20200625-194027_24,DdBK-2X3m
tch_20200625-194027_25,N73y-93Ho
tch_20200625-194027_26,AuUd-26gi
tch_20200625-194027_27,g7ag-Bo6x
tch_20200625-194027_28,78b9-QpHD
tch_20200625-194027_29,ob78-cwH8
tch_20200625-194027_30,Unxm-eNfg
tch_20200625-194027_31,7xTY-MLKx
tch_20200625-194027_32,aY4U-k74K
tch_20200625-194027_33,34Kd-9Gw6
tch_20200625-194027_34,rRCG-n8P7
tch_20200625-194027_35,r7cZ-4oe6
tch_20200625-194027_36,9NHV-49E7
tch_20200625-194027_37,4m6W-QVFj
tch_20200625-194027_38,V6dL-gJF8
tch_20200625-194027_39,vW46-8K7D
tch_20200625-194027_40,8wnx-n89H
tch_20200625-194027_41,PHdo-v86x
tch_20200625-194027_42,wZCW-6zGY
tch_20200625-194027_43,VpN6-unPU
tch_20200625-194027_44,xzxA-F7nE
tch_20200625-194027_45,6ER8-fEr7
tch_20200625-194027_46,xUR6-x9yj
tch_20200625-194027_47,Dxpk-PTtu
tch_20200625-194027_48,FjKJ-7d72
tch_20200625-194027_49,98xo-6rzt
tch_20200625-194027_50,uGXH-B64y
tch_20200625-194027_51,yETn-6mrN
tch_20200625-194027_52,qyD8-f3Td
tch_20200625-194027_53,JbhH-h2kR
tch_20200625-194027_54,Y68a-iapK
tch_20200625-194027_55,3acf-9C6x
tch_20200625-194027_56,jAam-dWLT
tch_20200625-194027_57,8sHZ-dzq8
tch_20200625-194027_58,RKpT-L76V
tch_20200625-194027_59,eYCH-c626
tch_20200625-194027_60,W3mq-m647
tch_20200625-194027_61,LAt3-Np8M
tch_20200625-194027_62,D8rX-F4rb
tch_20200625-194027_63,dM2U-n2kD
tch_20200625-194027_64,P7gk-3dW3
tch_20200625-194027_65,Bz93-NVWo
tch_20200625-194027_66,4gjQ-8pGf
tch_20200625-194027_67,wd8m-p67x
tch_20200625-194027_68,6RyT-r6r2
tch_20200625-194027_69,zT9Y-Z2ZV
tch_20200625-194027_70,WT3s-khs4
tch_20200625-194027_71,34u4-6426
tch_20200625-194027_72,Rajt-V42W
tch_20200625-194027_73,Ak7c-6kW8
tch_20200625-194027_74,DT9G-T63P
tch_20200625-194027_75,wcyG-47ge
tch_20200625-194027_76,62Pb-MvqL
tch_20200625-194027_77,3gmf-j93b
tch_20200625-194027_78,pCo6-j27i
tch_20200625-194027_79,Cdht-nNcb
tch_20200625-194027_80,79Jx-6d7w
tch_20200625-194027_81,i6iZ-HLM9
tch_20200625-194027_82,Axcr-NK98
tch_20200625-194027_83,hmHD-6Uc4
tch_20200625-194027_84,398E-Ky4d
tch_20200625-194027_85,3vFP-82P9
tch_20200625-194027_86,n6CQ-PTzg
tch_20200625-194027_87,Eo9K-Rs92
tch_20200625-194027_88,f7ia-9jdD
tch_20200625-194027_89,q493-9EYm
tch_20200625-194027_90,C6jU-T72D
tch_20200625-194027_91,xZiF-2JkB
tch_20200625-194027_92,7gD6-eh4L
tch_20200625-194027_93,R6R4-cCFz
tch_20200625-194027_94,LYm7-8khb
tch_20200625-194027_95,iNKH-Ein3
tch_20200625-194027_96,hqa9-Bh4P
tch_20200625-194027_97,Vi6h-y63s
tch_20200625-194027_98,bMxH-kT2r
tch_20200625-194027_99,3Ry7-AjEC
tch_20200625-194027_100,4reM-XN73
tch_20200625-194027_101,jqXM-6edn
tch_20200625-194027_102,9QPM-2Yj3
tch_20200625-194027_103,29bz-kDGA
tch_20200625-194027_104,Fq6N-wPcm
tch_20200625-194027_105,P9Kw-9yF6
tch_20200625-194027_106,eB8f-xfWq
tch_20200625-194027_107,8KtY-4Pu2
tch_20200625-194027_108,6TaV-nWfB
tch_20200625-194027_109,zZ34-6uCQ
tch_20200625-194027_110,aou7-Da6u
tch_20200625-194027_111,hW4Y-8wkV
tch_20200625-194027_112,pgB4-QXGW
tch_20200625-194027_113,7C6H-YHep
tch_20200625-194027_114,E92Z-kBNr
tch_20200625-194027_115,vKeG-h9G6
tch_20200625-194027_116,t2JK-g3cU
tch_20200625-194027_117,BbPF-LfvQ
tch_20200625-194027_118,4C4a-7xh9
tch_20200625-194027_119,M8tL-3qpa
tch_20200625-194027_120,g8tM-Boj7
tch_20200625-194027_121,DMKe-2kFx
tch_20200625-194027_122,W8C9-i7Zd
tch_20200625-194027_123,Q9oe-yeJD
tch_20200625-194027_124,iDyw-MNLY
tch_20200625-194027_125,CRoB-8o9h
