tch_20201213-001527_1,6NrH-y2j9
tch_20201213-001527_2,VZhx-2cMR
tch_20201213-001527_3,GKow-EvV3
tch_20201213-001527_4,3AFx-ueD9
tch_20201213-001527_5,U8j4-83z9
tch_20201213-001527_6,4ujP-rU6U
tch_20201213-001527_7,9ucB-28WJ
tch_20201213-001527_8,xWRj-aY4Q
tch_20201213-001527_9,eMzL-WFva
tch_20201213-001527_10,MRi2-rRKL
tch_20201213-001527_11,N3ra-9Cwg
tch_20201213-001527_12,Jh3Q-vC78
tch_20201213-001527_13,7AZ6-7tf7
tch_20201213-001527_14,ckRz-VK2R
tch_20201213-001527_15,3rWf-o7tu
tch_20201213-001527_16,PyrZ-fdg3
tch_20201213-001527_17,3WR3-7923
tch_20201213-001527_18,Ybh6-4k96
tch_20201213-001527_19,zbuR-4DEL
tch_20201213-001527_20,4KsJ-ey6t
tch_20201213-001527_21,3XkL-9Rbk
tch_20201213-001527_22,EqE2-e972
tch_20201213-001527_23,s7r9-Xe8W
tch_20201213-001527_24,U8gY-Hf8f
tch_20201213-001527_25,87R4-FkaG
tch_20201213-001527_26,qRZe-RvP7
tch_20201213-001527_27,9ftZ-37YE
tch_20201213-001527_28,FYsY-yzMd
tch_20201213-001527_29,C2Xd-7HVB
tch_20201213-001527_30,628y-uhzj
tch_20201213-001527_31,w7jo-kYcC
tch_20201213-001527_32,A6xD-E9RW
tch_20201213-001527_33,8M2q-iFKc
tch_20201213-001527_34,qVrG-kx3M
tch_20201213-001527_35,GheJ-feK6
tch_20201213-001527_36,Yg6Y-hX3N
tch_20201213-001527_37,qF8i-D8eW
tch_20201213-001527_38,LjuH-BxQ2
tch_20201213-001527_39,GD8e-4h3U
tch_20201213-001527_40,qE6n-94P6
tch_20201213-001527_41,Y9CU-WdL4
tch_20201213-001527_42,v646-rzWf
tch_20201213-001527_43,76qR-rJ6p
tch_20201213-001527_44,2dCJ-j9vY
tch_20201213-001527_45,imwg-s2dY
tch_20201213-001527_46,2awy-9n4A
tch_20201213-001527_47,24Vn-Qx2H
tch_20201213-001527_48,fkT6-iC24
tch_20201213-001527_49,k6iz-DvBM
tch_20201213-001527_50,v83d-RLv8
tch_20201213-001527_51,JojV-8UJx
tch_20201213-001527_52,2PEf-F3NW
tch_20201213-001527_53,K8dj-nMHU
tch_20201213-001527_54,qC9X-282e
tch_20201213-001527_55,V7ZL-WY8J
tch_20201213-001527_56,fnuz-VMps
tch_20201213-001527_57,cD8H-fenT
tch_20201213-001527_58,f24k-hErw
tch_20201213-001527_59,LPyN-gp3e
tch_20201213-001527_60,Za9b-j8bW
tch_20201213-001527_61,8Ebv-LwQo
tch_20201213-001527_62,GTsf-i8FG
tch_20201213-001527_63,riBo-2nTC
tch_20201213-001527_64,6THC-qvus
tch_20201213-001527_65,cP84-FGFk
tch_20201213-001527_66,tC4U-KNoK
tch_20201213-001527_67,9Zg2-7n9d
tch_20201213-001527_68,PCde-u4qz
tch_20201213-001527_69,n6hJ-4P7z
tch_20201213-001527_70,6a9V-Qvon
tch_20201213-001527_71,V2Q3-K64a
tch_20201213-001527_72,6eF6-PCom
tch_20201213-001527_73,9hd2-Kj7D
tch_20201213-001527_74,y7n3-Upm3
tch_20201213-001527_75,XoQL-4Fr7
tch_20201213-001527_76,TkQ8-Qk4d
tch_20201213-001527_77,GrpF-v6vN
tch_20201213-001527_78,JVhG-J4cW
tch_20201213-001527_79,C86a-bYeW
tch_20201213-001527_80,Qhdj-t9zG
tch_20201213-001527_81,8erv-7XmX
tch_20201213-001527_82,DpTs-P2c9
tch_20201213-001527_83,328L-JsnT
tch_20201213-001527_84,67d2-o7i6
tch_20201213-001527_85,8ZE8-4Bu6
tch_20201213-001527_86,Day6-8Wwn
tch_20201213-001527_87,M7gj-3rmz
tch_20201213-001527_88,eW4Q-Lob2
tch_20201213-001527_89,byGM-H93H
tch_20201213-001527_90,AQJZ-sN8X
tch_20201213-001527_91,MC3j-6Bzg
tch_20201213-001527_92,M3zG-CAw9
tch_20201213-001527_93,k7v3-o4CM
tch_20201213-001527_94,HK49-M3ms
tch_20201213-001527_95,78qM-6ZVk
tch_20201213-001527_96,yM3X-28n4
tch_20201213-001527_97,nFkU-cR6m
tch_20201213-001527_98,r3Qw-XuDU
tch_20201213-001527_99,oyHF-KtqR
tch_20201213-001527_100,xYw6-rykw
