stdextid,classcode
std_1616493201460_1,XT4s-E6Ey
std_1616493202989_2,sF6P-zNA3
std_1616493204474_3,2E7X-NRMD
std_1616493205979_4,ukZ6-NTez
std_1616493207486_5,j3xo-k9FK
std_1616493208993_6,6kg4-xgXa
std_1616493210500_7,zq2v-uw9o
std_1616493212005_8,C37r-uqvA
std_1616493213511_9,X979-DbQ2
std_1616493215016_10,6U2m-jLi7
std_1616493216522_11,m8Vy-oRf9
std_1616493218029_12,ZPY6-MD72
std_1616493219535_13,XHGL-26vk
std_1616493221041_14,8U7M-PQX7
std_1616493222547_15,N32y-Teic
std_1616493224052_16,8JcE-7cYc
std_1616493225558_17,n7VP-WXyT
std_1616493227064_18,qD83-vXWQ
std_1616493228571_19,s6F3-cjtj
std_1616493230077_20,X38f-JaX3
std_1616493231584_21,7HCB-KYwn
std_1616493233090_22,y3wy-2mT9
std_1616493234596_23,Y8p7-Y2p2
std_1616493236102_24,4nNZ-xnYt
std_1616493237609_25,wQ2h-BAa3
std_1616493239114_26,zCkQ-KR4o
std_1616493240621_27,N738-4Ny2
std_1616493242126_28,hKC4-Bgui
std_1616493243632_29,vAtn-8bZs
std_1616493245138_30,r8s8-4tw6
std_1616493246645_31,Nb2M-kpW9
std_1616493248152_32,Dyj8-2aNm
std_1616493249657_33,LCqU-Ty73
std_1616493251163_34,sghE-Hio2
std_1616493252670_35,M3Q4-6jm7
std_1616493254177_36,Qu2u-jFLk
std_1616493255683_37,z9xU-XHei
std_1616493257189_38,U6YD-2DEQ
std_1616493258695_39,AY79-7RN3
std_1616493260200_40,egPK-BiaX
std_1616493261707_41,jNs9-pT8G
std_1616493263214_42,Ese2-jq6E
std_1616493264719_43,VfXW-oEP7
std_1616493266226_44,jhK3-Bu2F
std_1616493267732_45,p6w2-B9po
std_1616493269237_46,H74U-GZqo
std_1616493270743_47,WrMA-hjqD
std_1616493272250_48,et7r-Z3AX
std_1616493273757_49,uJW3-86EM
std_1616493275262_50,dge8-9Qoh
std_1616493276770_51,3sNp-udQj
std_1616493278276_52,9g3A-rea2
std_1616493279783_53,nm7J-29b7
std_1616493281289_54,g74v-387V
std_1616493282796_55,b6ud-7P67
std_1616493284302_56,gGq9-J49E
std_1616493285808_57,DhVa-Wirt
std_1616493287314_58,9VmZ-j98X
std_1616493288819_59,gChk-rmpa
std_1616493290325_60,4v3h-VEyZ
std_1616493291832_61,pw8i-4yrm
std_1616493293340_62,iYRL-Q28g
std_1616493294846_63,jhvo-igd9
std_1616493296352_64,2qd7-nv6P
std_1616493297857_65,BJXJ-wBnr
std_1616493299363_66,962b-NLp9
std_1616493300869_67,4jnC-7sjD
std_1616493302376_68,4jVd-t7G8
std_1616493303881_69,mErm-M2C4
std_1616493305387_70,dgLp-zp6m
std_1616493306896_71,dZtG-pwJG
std_1616493308401_72,P46P-ARVa
std_1616493309906_73,droN-Cg6d
std_1616493311411_74,uCt6-Qdo3
std_1616493312917_75,G7T9-zbm8
std_1616493314424_76,VLUZ-4q6m
std_1616493315930_77,8ed6-4u4t
std_1616493317436_78,Zkwa-9JoT
std_1616493318942_79,th3B-4T8s
std_1616493320449_80,RvH7-xzom
std_1616493321955_81,ic7Q-Yazs
std_1616493323461_82,QLNo-Zzba
std_1616493324967_83,7E3R-ADaU
std_1616493326474_84,jige-4iwg
std_1616493327980_85,6Qbu-r7wU
std_1616493329485_86,vdK3-M73F
std_1616493330992_87,6DAR-QyYM
std_1616493332499_88,2o43-xiHr
std_1616493334004_89,o6mx-6KuY
std_1616493335511_90,Dhkd-u3M9
std_1616493337017_91,Devc-i79U
std_1616493338523_92,oZkE-uEaf
std_1616493340030_93,aP43-9KDg
std_1616493341537_94,uiVG-2bKr
std_1616493343042_95,ik82-s7Br
std_1616493344548_96,A896-q6Gz
std_1616493346101_97,6wvs-aYLo
std_1616493347560_98,A243-93K8
std_1616493349067_99,2j3G-dUjE
std_1616493350573_100,GYUp-rA72
std_1616493352083_101,XT4s-E6Ey
std_1616493353588_102,sF6P-zNA3
std_1616493355091_103,2E7X-NRMD
std_1616493356597_104,ukZ6-NTez
std_1616493358104_105,j3xo-k9FK
std_1616493359610_106,6kg4-xgXa
std_1616493361115_107,zq2v-uw9o
std_1616493362621_108,C37r-uqvA
std_1616493364128_109,X979-DbQ2
std_1616493365633_110,6U2m-jLi7
std_1616493367140_111,m8Vy-oRf9
std_1616493368646_112,ZPY6-MD72
std_1616493370152_113,XHGL-26vk
std_1616493371658_114,8U7M-PQX7
std_1616493373165_115,N32y-Teic
std_1616493374672_116,8JcE-7cYc
std_1616493376179_117,n7VP-WXyT
std_1616493377684_118,qD83-vXWQ
std_1616493379190_119,s6F3-cjtj
std_1616493380698_120,X38f-JaX3
std_1616493382204_121,7HCB-KYwn
std_1616493383710_122,y3wy-2mT9
std_1616493385217_123,Y8p7-Y2p2
std_1616493386723_124,4nNZ-xnYt
std_1616493388229_125,wQ2h-BAa3
std_1616493389736_126,zCkQ-KR4o
std_1616493391244_127,N738-4Ny2
std_1616493392749_128,hKC4-Bgui
std_1616493394255_129,vAtn-8bZs
std_1616493395760_130,r8s8-4tw6
std_1616493397267_131,Nb2M-kpW9
std_1616493398773_132,Dyj8-2aNm
std_1616493400279_133,LCqU-Ty73
std_1616493401785_134,sghE-Hio2
std_1616493403292_135,M3Q4-6jm7
std_1616493404797_136,Qu2u-jFLk
std_1616493406304_137,z9xU-XHei
std_1616493407809_138,U6YD-2DEQ
std_1616493409315_139,AY79-7RN3
std_1616493410822_140,egPK-BiaX
std_1616493412328_141,jNs9-pT8G
std_1616493413835_142,Ese2-jq6E
std_1616493415341_143,VfXW-oEP7
std_1616493416846_144,jhK3-Bu2F
std_1616493418353_145,p6w2-B9po
std_1616493419859_146,H74U-GZqo
std_1616493421366_147,WrMA-hjqD
std_1616493422871_148,et7r-Z3AX
std_1616493424377_149,uJW3-86EM
std_1616493425883_150,dge8-9Qoh
std_1616493427389_151,3sNp-udQj
std_1616493428897_152,9g3A-rea2
std_1616493430402_153,nm7J-29b7
std_1616493431908_154,g74v-387V
std_1616493433414_155,b6ud-7P67
std_1616493434919_156,gGq9-J49E
std_1616493436425_157,DhVa-Wirt
std_1616493437931_158,9VmZ-j98X
std_1616493439437_159,gChk-rmpa
std_1616493440944_160,4v3h-VEyZ
std_1616493442450_161,pw8i-4yrm
std_1616493443956_162,iYRL-Q28g
std_1616493445462_163,jhvo-igd9
std_1616493446969_164,2qd7-nv6P
std_1616493448474_165,BJXJ-wBnr
std_1616493449980_166,962b-NLp9
std_1616493451486_167,4jnC-7sjD
std_1616493452992_168,4jVd-t7G8
std_1616493454499_169,mErm-M2C4
std_1616493456006_170,dgLp-zp6m
std_1616493457511_171,dZtG-pwJG
std_1616493459017_172,P46P-ARVa
std_1616493460523_173,droN-Cg6d
std_1616493462029_174,uCt6-Qdo3
std_1616493463535_175,G7T9-zbm8
std_1616493465041_176,VLUZ-4q6m
std_1616493466548_177,8ed6-4u4t
std_1616493468054_178,Zkwa-9JoT
std_1616493469560_179,th3B-4T8s
std_1616493471066_180,RvH7-xzom
std_1616493472572_181,ic7Q-Yazs
std_1616493474080_182,QLNo-Zzba
std_1616493475586_183,7E3R-ADaU
std_1616493477091_184,jige-4iwg
std_1616493478598_185,6Qbu-r7wU
std_1616493480105_186,vdK3-M73F
std_1616493481611_187,6DAR-QyYM
std_1616493483117_188,2o43-xiHr
std_1616493484623_189,o6mx-6KuY
std_1616493486128_190,Dhkd-u3M9
std_1616493487635_191,Devc-i79U
std_1616493489141_192,oZkE-uEaf
std_1616493490647_193,aP43-9KDg
std_1616493492153_194,uiVG-2bKr
std_1616493493659_195,ik82-s7Br
std_1616493495165_196,A896-q6Gz
std_1616493496672_197,6wvs-aYLo
std_1616493498178_198,A243-93K8
std_1616493499684_199,2j3G-dUjE
std_1616493501190_200,GYUp-rA72
std_1616493502700_201,XT4s-E6Ey
std_1616493504206_202,sF6P-zNA3
std_1616493505709_203,2E7X-NRMD
std_1616493507216_204,ukZ6-NTez
std_1616493508721_205,j3xo-k9FK
std_1616493510229_206,6kg4-xgXa
std_1616493511735_207,zq2v-uw9o
std_1616493513241_208,C37r-uqvA
std_1616493514748_209,X979-DbQ2
std_1616493516253_210,6U2m-jLi7
std_1616493517761_211,m8Vy-oRf9
std_1616493519267_212,ZPY6-MD72
std_1616493520774_213,XHGL-26vk
std_1616493522282_214,8U7M-PQX7
std_1616493523789_215,N32y-Teic
std_1616493525295_216,8JcE-7cYc
std_1616493526801_217,n7VP-WXyT
std_1616493528308_218,qD83-vXWQ
std_1616493529814_219,s6F3-cjtj
std_1616493531319_220,X38f-JaX3
std_1616493532825_221,7HCB-KYwn
std_1616493534332_222,y3wy-2mT9
std_1616493535839_223,Y8p7-Y2p2
std_1616493537345_224,4nNZ-xnYt
std_1616493538852_225,wQ2h-BAa3
std_1616493540357_226,zCkQ-KR4o
std_1616493543369_228,hKC4-Bgui
std_1616493541863_227,N738-4Ny2
std_1616493544875_229,vAtn-8bZs
std_1616493546382_230,r8s8-4tw6
std_1616493547887_231,Nb2M-kpW9
std_1616493549395_232,Dyj8-2aNm
std_1616493550901_233,LCqU-Ty73
std_1616493552406_234,sghE-Hio2
std_1616493553912_235,M3Q4-6jm7
std_1616493555419_236,Qu2u-jFLk
std_1616493556924_237,z9xU-XHei
std_1616493558431_238,U6YD-2DEQ
std_1616493559936_239,AY79-7RN3
std_1616493561443_240,egPK-BiaX
std_1616493562948_241,jNs9-pT8G
std_1616493564523_242,Ese2-jq6E
std_1616493566029_243,VfXW-oEP7
std_1616493567535_244,jhK3-Bu2F
std_1616493569041_245,p6w2-B9po
std_1616493570549_246,H74U-GZqo
std_1616493572055_247,WrMA-hjqD
std_1616493573561_248,et7r-Z3AX
std_1616493575066_249,uJW3-86EM
std_1616493576572_250,dge8-9Qoh
std_1616493578078_251,3sNp-udQj
std_1616493579585_252,9g3A-rea2
std_1616493581092_253,nm7J-29b7
std_1616493582597_254,g74v-387V
std_1616493584104_255,b6ud-7P67
std_1616493585610_256,gGq9-J49E
std_1616493587115_257,DhVa-Wirt
std_1616493588621_258,9VmZ-j98X
std_1616493590128_259,gChk-rmpa
std_1616493591634_260,4v3h-VEyZ
std_1616493593140_261,pw8i-4yrm
std_1616493594683_262,iYRL-Q28g
std_1616493596153_263,jhvo-igd9
std_1616493597660_264,2qd7-nv6P
std_1616493599165_265,BJXJ-wBnr
std_1616493600672_266,962b-NLp9
std_1616493602177_267,4jnC-7sjD
std_1616493603684_268,4jVd-t7G8
std_1616493605190_269,mErm-M2C4
std_1616493606697_270,dgLp-zp6m
std_1616493608202_271,dZtG-pwJG
std_1616493609709_272,P46P-ARVa
std_1616493611214_273,droN-Cg6d
std_1616493612721_274,uCt6-Qdo3
std_1616493614226_275,G7T9-zbm8
std_1616493615733_276,VLUZ-4q6m
std_1616493617240_277,8ed6-4u4t
std_1616493618745_278,Zkwa-9JoT
std_1616493620252_279,th3B-4T8s
std_1616493621758_280,RvH7-xzom
std_1616493623264_281,ic7Q-Yazs
std_1616493624769_282,QLNo-Zzba
std_1616493626276_283,7E3R-ADaU
std_1616493627783_284,jige-4iwg
std_1616493629288_285,6Qbu-r7wU
std_1616493630794_286,vdK3-M73F
std_1616493632300_287,6DAR-QyYM
std_1616493633808_288,2o43-xiHr
std_1616493635313_289,o6mx-6KuY
std_1616493636819_290,Dhkd-u3M9
std_1616493638327_291,Devc-i79U
std_1616493639832_292,oZkE-uEaf
std_1616493641340_293,aP43-9KDg
std_1616493642844_294,uiVG-2bKr
std_1616493644351_295,ik82-s7Br
std_1616493645856_296,A896-q6Gz
std_1616493647362_297,6wvs-aYLo
std_1616493648869_298,A243-93K8
std_1616493650375_299,2j3G-dUjE
std_1616493651882_300,GYUp-rA72
std_1616493653390_301,XT4s-E6Ey
std_1616493654896_302,sF6P-zNA3
std_1616493656399_303,2E7X-NRMD
std_1616493657907_304,ukZ6-NTez
std_1616493659412_305,j3xo-k9FK
std_1616493660918_306,6kg4-xgXa
std_1616493662423_307,zq2v-uw9o
std_1616493663930_308,C37r-uqvA
std_1616493665435_309,X979-DbQ2
std_1616493666941_310,6U2m-jLi7
std_1616493668447_311,m8Vy-oRf9
std_1616493669953_312,ZPY6-MD72
std_1616493671459_313,XHGL-26vk
std_1616493672966_314,8U7M-PQX7
std_1616493674471_315,N32y-Teic
std_1616493675978_316,8JcE-7cYc
std_1616493677484_317,n7VP-WXyT
std_1616493678991_318,qD83-vXWQ
std_1616493680497_319,s6F3-cjtj
std_1616493682001_320,X38f-JaX3
std_1616493683508_321,7HCB-KYwn
std_1616493685014_322,y3wy-2mT9
std_1616493686521_323,Y8p7-Y2p2
std_1616493688027_324,4nNZ-xnYt
std_1616493689533_325,wQ2h-BAa3
std_1616493691039_326,zCkQ-KR4o
std_1616493692544_327,N738-4Ny2
std_1616493694051_328,hKC4-Bgui
std_1616493695557_329,vAtn-8bZs
std_1616493697062_330,r8s8-4tw6
std_1616493698569_331,Nb2M-kpW9
std_1616493700075_332,Dyj8-2aNm
std_1616493701581_333,LCqU-Ty73
std_1616493703089_334,sghE-Hio2
std_1616493704594_335,M3Q4-6jm7
std_1616493706101_336,Qu2u-jFLk
std_1616493707606_337,z9xU-XHei
std_1616493709113_338,U6YD-2DEQ
std_1616493710618_339,AY79-7RN3
std_1616493712125_340,egPK-BiaX
std_1616493713632_341,jNs9-pT8G
std_1616493715138_342,Ese2-jq6E
std_1616493716644_343,VfXW-oEP7
std_1616493718150_344,jhK3-Bu2F
std_1616493719657_345,p6w2-B9po
std_1616493721163_346,H74U-GZqo
std_1616493722670_347,WrMA-hjqD
std_1616493724180_348,et7r-Z3AX
std_1616493725685_349,uJW3-86EM
std_1616493727193_350,dge8-9Qoh
std_1616493728699_351,3sNp-udQj
std_1616493730204_352,9g3A-rea2
std_1616493731712_353,nm7J-29b7
std_1616493733217_354,g74v-387V
std_1616493734723_355,b6ud-7P67
std_1616493736230_356,gGq9-J49E
std_1616493737738_357,DhVa-Wirt
std_1616493739243_358,9VmZ-j98X
std_1616493740748_359,gChk-rmpa
std_1616493742259_360,4v3h-VEyZ
std_1616493743763_361,pw8i-4yrm
std_1616493745267_362,iYRL-Q28g
std_1616493746774_363,jhvo-igd9
std_1616493748279_364,2qd7-nv6P
std_1616493749786_365,BJXJ-wBnr
std_1616493751292_366,962b-NLp9
std_1616493752798_367,4jnC-7sjD
std_1616493754304_368,4jVd-t7G8
std_1616493755811_369,mErm-M2C4
std_1616493757318_370,dgLp-zp6m
std_1616493758825_371,dZtG-pwJG
std_1616493760332_372,P46P-ARVa
std_1616493761837_373,droN-Cg6d
std_1616493763343_374,uCt6-Qdo3
std_1616493764850_375,G7T9-zbm8
std_1616493766356_376,VLUZ-4q6m
std_1616493767863_377,8ed6-4u4t
std_1616493769368_378,Zkwa-9JoT
std_1616493770874_379,th3B-4T8s
std_1616493772380_380,RvH7-xzom
std_1616493773888_381,ic7Q-Yazs
std_1616493775394_382,QLNo-Zzba
std_1616493776899_383,7E3R-ADaU
std_1616493778405_384,jige-4iwg
std_1616493779911_385,6Qbu-r7wU
std_1616493781418_386,vdK3-M73F
std_1616493782925_387,6DAR-QyYM
std_1616493784430_388,2o43-xiHr
std_1616493785938_389,o6mx-6KuY
std_1616493787444_390,Dhkd-u3M9
std_1616493788950_391,Devc-i79U
std_1616493790455_392,oZkE-uEaf
std_1616493791963_393,aP43-9KDg
std_1616493793470_394,uiVG-2bKr
std_1616493794975_395,ik82-s7Br
std_1616493796482_396,A896-q6Gz
std_1616493797989_397,6wvs-aYLo
std_1616493799495_398,A243-93K8
std_1616493801001_399,2j3G-dUjE
std_1616493802507_400,GYUp-rA72
std_1616493804016_401,XT4s-E6Ey
std_1616493805522_402,sF6P-zNA3
std_1616493807027_403,2E7X-NRMD
std_1616493808533_404,ukZ6-NTez
std_1616493810039_405,j3xo-k9FK
std_1616493811545_406,6kg4-xgXa
std_1616493813053_407,zq2v-uw9o
std_1616493814559_408,C37r-uqvA
std_1616493816065_409,X979-DbQ2
std_1616493817572_410,6U2m-jLi7
std_1616493819077_411,m8Vy-oRf9
std_1616493820584_412,ZPY6-MD72
std_1616493822090_413,XHGL-26vk
std_1616493823595_414,8U7M-PQX7
std_1616493825101_415,N32y-Teic
std_1616493826607_416,8JcE-7cYc
std_1616493828113_417,n7VP-WXyT
std_1616493829619_418,qD83-vXWQ
std_1616493831126_419,s6F3-cjtj
std_1616493832632_420,X38f-JaX3
std_1616493834138_421,7HCB-KYwn
std_1616493835644_422,y3wy-2mT9
std_1616493837151_423,Y8p7-Y2p2
std_1616493838657_424,4nNZ-xnYt
std_1616493840164_425,wQ2h-BAa3
std_1616493841671_426,zCkQ-KR4o
std_1616493843177_427,N738-4Ny2
std_1616493844683_428,hKC4-Bgui
std_1616493846188_429,vAtn-8bZs
std_1616493847695_430,r8s8-4tw6
std_1616493849202_431,Nb2M-kpW9
std_1616493850709_432,Dyj8-2aNm
std_1616493852215_433,LCqU-Ty73
std_1616493853721_434,sghE-Hio2
std_1616493855226_435,M3Q4-6jm7
std_1616493856732_436,Qu2u-jFLk
std_1616493858239_437,z9xU-XHei
std_1616493859744_438,U6YD-2DEQ
std_1616493861250_439,AY79-7RN3
std_1616493862757_440,egPK-BiaX
std_1616493864263_441,jNs9-pT8G
std_1616493865772_442,Ese2-jq6E
std_1616493867276_443,VfXW-oEP7
std_1616493868782_444,jhK3-Bu2F
std_1616493870289_445,p6w2-B9po
std_1616493871794_446,H74U-GZqo
std_1616493873300_447,WrMA-hjqD
std_1616493874807_448,et7r-Z3AX
std_1616493876314_449,uJW3-86EM
std_1616493877821_450,dge8-9Qoh
std_1616493879326_451,3sNp-udQj
std_1616493880832_452,9g3A-rea2
std_1616493882337_453,nm7J-29b7
std_1616493883844_454,g74v-387V
std_1616493885349_455,b6ud-7P67
std_1616493886856_456,gGq9-J49E
std_1616493888362_457,DhVa-Wirt
std_1616493889868_458,9VmZ-j98X
std_1616493891375_459,gChk-rmpa
std_1616493892880_460,4v3h-VEyZ
std_1616493894386_461,pw8i-4yrm
std_1616493895893_462,iYRL-Q28g
std_1616493897399_463,jhvo-igd9
std_1616493898905_464,2qd7-nv6P
std_1616493900411_465,BJXJ-wBnr
std_1616493901916_466,962b-NLp9
std_1616493903422_467,4jnC-7sjD
std_1616493904929_468,4jVd-t7G8
std_1616493906436_469,mErm-M2C4
std_1616493907942_470,dgLp-zp6m
std_1616493909448_471,dZtG-pwJG
std_1616493910955_472,P46P-ARVa
std_1616493912459_473,droN-Cg6d
std_1616493913965_474,uCt6-Qdo3
std_1616493915471_475,G7T9-zbm8
std_1616493916979_476,VLUZ-4q6m
std_1616493918487_477,8ed6-4u4t
std_1616493919993_478,Zkwa-9JoT
std_1616493921499_479,th3B-4T8s
std_1616493923004_480,RvH7-xzom
std_1616493924511_481,ic7Q-Yazs
std_1616493926017_482,QLNo-Zzba
std_1616493927523_483,7E3R-ADaU
std_1616493929029_484,jige-4iwg
std_1616493930537_485,6Qbu-r7wU
std_1616493932042_486,vdK3-M73F
std_1616493933548_487,6DAR-QyYM
std_1616493935055_488,2o43-xiHr
std_1616493936560_489,o6mx-6KuY
std_1616493938113_490,Dhkd-u3M9
std_1616493939620_491,Devc-i79U
std_1616493941125_492,oZkE-uEaf
std_1616493942631_493,aP43-9KDg
std_1616493944138_494,uiVG-2bKr
std_1616493945644_495,ik82-s7Br
std_1616493947151_496,A896-q6Gz
std_1616493948657_497,6wvs-aYLo
std_1616493950163_498,A243-93K8
std_1616493951669_499,2j3G-dUjE
std_1616493953175_500,GYUp-rA72
std_1616493954684_501,XT4s-E6Ey
std_1616493956190_502,sF6P-zNA3
std_1616493957694_503,2E7X-NRMD
std_1616493959201_504,ukZ6-NTez
std_1616493960708_505,j3xo-k9FK
std_1616493962215_506,6kg4-xgXa
std_1616493963722_507,zq2v-uw9o
std_1616493965227_508,C37r-uqvA
std_1616493966733_509,X979-DbQ2
std_1616493968239_510,6U2m-jLi7
std_1616493969747_511,m8Vy-oRf9
std_1616493971252_512,ZPY6-MD72
std_1616493972760_513,XHGL-26vk
std_1616493974266_514,8U7M-PQX7
std_1616493975772_515,N32y-Teic
std_1616493977277_516,8JcE-7cYc
std_1616493978784_517,n7VP-WXyT
std_1616493980290_518,qD83-vXWQ
std_1616493981796_519,s6F3-cjtj
std_1616493983302_520,X38f-JaX3
std_1616493984810_521,7HCB-KYwn
std_1616493986315_522,y3wy-2mT9
std_1616493987823_523,Y8p7-Y2p2
std_1616493989328_524,4nNZ-xnYt
std_1616493990836_525,wQ2h-BAa3
std_1616493992342_526,zCkQ-KR4o
std_1616493993848_527,N738-4Ny2
std_1616493995354_528,hKC4-Bgui
std_1616493996861_529,vAtn-8bZs
std_1616493998366_530,r8s8-4tw6
std_1616493999873_531,Nb2M-kpW9
std_1616494001379_532,Dyj8-2aNm
std_1616494002886_533,LCqU-Ty73
std_1616494004391_534,sghE-Hio2
std_1616494005898_535,M3Q4-6jm7
std_1616494007403_536,Qu2u-jFLk
std_1616494008911_537,z9xU-XHei
std_1616494010418_538,U6YD-2DEQ
std_1616494011925_539,AY79-7RN3
std_1616494013432_540,egPK-BiaX
std_1616494014937_541,jNs9-pT8G
std_1616494016444_542,Ese2-jq6E
std_1616494017951_543,VfXW-oEP7
std_1616494019457_544,jhK3-Bu2F
std_1616494020964_545,p6w2-B9po
std_1616494022471_546,H74U-GZqo
std_1616494023979_547,WrMA-hjqD
std_1616494025486_548,et7r-Z3AX
std_1616494026998_549,uJW3-86EM
std_1616494028503_550,dge8-9Qoh
std_1616494030046_551,3sNp-udQj
std_1616494031546_552,9g3A-rea2
std_1616494033076_553,nm7J-29b7
std_1616494034577_554,g74v-387V
std_1616494036079_555,b6ud-7P67
std_1616494037594_556,gGq9-J49E
std_1616494039101_557,DhVa-Wirt
std_1616494040618_558,9VmZ-j98X
std_1616494042128_559,gChk-rmpa
std_1616494043641_560,4v3h-VEyZ
std_1616494045182_561,pw8i-4yrm
std_1616494046690_562,iYRL-Q28g
std_1616494048206_563,jhvo-igd9
std_1616494049716_564,2qd7-nv6P
std_1616494051223_565,BJXJ-wBnr
std_1616494052731_566,962b-NLp9
std_1616494054238_567,4jnC-7sjD
std_1616494055746_568,4jVd-t7G8
std_1616494057257_569,mErm-M2C4
std_1616494058766_570,dgLp-zp6m
std_1616494060274_571,dZtG-pwJG
std_1616494061783_572,P46P-ARVa
std_1616494063290_573,droN-Cg6d
std_1616494064797_574,uCt6-Qdo3
std_1616494066308_575,G7T9-zbm8
std_1616494067816_576,VLUZ-4q6m
std_1616494069327_577,8ed6-4u4t
std_1616494070835_578,Zkwa-9JoT
std_1616494072341_579,th3B-4T8s
std_1616494073848_580,RvH7-xzom
std_1616494075356_581,ic7Q-Yazs
std_1616494076863_582,QLNo-Zzba
std_1616494078370_583,7E3R-ADaU
std_1616494079878_584,jige-4iwg
std_1616494081389_585,6Qbu-r7wU
std_1616494082898_586,vdK3-M73F
std_1616494084404_587,6DAR-QyYM
std_1616494085910_588,2o43-xiHr
std_1616494087418_589,o6mx-6KuY
std_1616494088926_590,Dhkd-u3M9
std_1616494090436_591,Devc-i79U
std_1616494091940_592,oZkE-uEaf
std_1616494093450_593,aP43-9KDg
std_1616494094956_594,uiVG-2bKr
std_1616494096464_595,ik82-s7Br
std_1616494097971_596,A896-q6Gz
std_1616494099479_597,6wvs-aYLo
std_1616494100988_598,A243-93K8
std_1616494102494_599,2j3G-dUjE
std_1616494104001_600,GYUp-rA72
std_1616494105510_601,XT4s-E6Ey
std_1616494107016_602,sF6P-zNA3
std_1616494108521_603,2E7X-NRMD
std_1616494110029_604,ukZ6-NTez
std_1616494111535_605,j3xo-k9FK
std_1616494113042_606,6kg4-xgXa
std_1616494114550_607,zq2v-uw9o
std_1616494116056_608,C37r-uqvA
std_1616494117563_609,X979-DbQ2
std_1616494119070_610,6U2m-jLi7
std_1616494120578_611,m8Vy-oRf9
std_1616494122084_612,ZPY6-MD72
std_1616494123591_613,XHGL-26vk
std_1616494125097_614,8U7M-PQX7
std_1616494126605_615,N32y-Teic
std_1616494128111_616,8JcE-7cYc
std_1616494129619_617,n7VP-WXyT
std_1616494131127_618,qD83-vXWQ
std_1616494132640_619,s6F3-cjtj
std_1616494134149_620,X38f-JaX3
std_1616494135656_621,7HCB-KYwn
std_1616494137165_622,y3wy-2mT9
std_1616494138671_623,Y8p7-Y2p2
std_1616494140179_624,4nNZ-xnYt
std_1616494141686_625,wQ2h-BAa3
std_1616494143194_626,zCkQ-KR4o
std_1616494144702_627,N738-4Ny2
std_1616494146207_628,hKC4-Bgui
std_1616494147715_629,vAtn-8bZs
std_1616494149222_630,r8s8-4tw6
std_1616494150729_631,Nb2M-kpW9
std_1616494152235_632,Dyj8-2aNm
std_1616494153740_633,LCqU-Ty73
std_1616494155249_634,sghE-Hio2
std_1616494156755_635,M3Q4-6jm7
std_1616494158261_636,Qu2u-jFLk
std_1616494159768_637,z9xU-XHei
std_1616494161275_638,U6YD-2DEQ
std_1616494162782_639,AY79-7RN3
std_1616494164288_640,egPK-BiaX
std_1616494165796_641,jNs9-pT8G
std_1616494167302_642,Ese2-jq6E
std_1616494168809_643,VfXW-oEP7
std_1616494170318_644,jhK3-Bu2F
std_1616494171822_645,p6w2-B9po
std_1616494173330_646,H74U-GZqo
std_1616494174836_647,WrMA-hjqD
std_1616494176345_648,et7r-Z3AX
std_1616494177852_649,uJW3-86EM
std_1616494179359_650,dge8-9Qoh
std_1616494180866_651,3sNp-udQj
std_1616494182373_652,9g3A-rea2
std_1616494183880_653,nm7J-29b7
std_1616494185385_654,g74v-387V
std_1616494186892_655,b6ud-7P67
std_1616494188398_656,gGq9-J49E
std_1616494189904_657,DhVa-Wirt
std_1616494191411_658,9VmZ-j98X
std_1616494192918_659,gChk-rmpa
std_1616494194424_660,4v3h-VEyZ
std_1616494195930_661,pw8i-4yrm
std_1616494197436_662,iYRL-Q28g
std_1616494198944_663,jhvo-igd9
std_1616494200451_664,2qd7-nv6P
std_1616494201956_665,BJXJ-wBnr
std_1616494203463_666,962b-NLp9
std_1616494204969_667,4jnC-7sjD
std_1616494206477_668,4jVd-t7G8
std_1616494207988_669,mErm-M2C4
std_1616494209497_670,dgLp-zp6m
std_1616494211002_671,dZtG-pwJG
std_1616494212510_672,P46P-ARVa
std_1616494214017_673,droN-Cg6d
std_1616494215524_674,uCt6-Qdo3
std_1616494217030_675,G7T9-zbm8
std_1616494218538_676,VLUZ-4q6m
std_1616494220044_677,8ed6-4u4t
std_1616494221551_678,Zkwa-9JoT
std_1616494223056_679,th3B-4T8s
std_1616494224563_680,RvH7-xzom
std_1616494226070_681,ic7Q-Yazs
std_1616494227576_682,QLNo-Zzba
std_1616494229082_683,7E3R-ADaU
std_1616494230587_684,jige-4iwg
std_1616494232094_685,6Qbu-r7wU
std_1616494233601_686,vdK3-M73F
std_1616494235107_687,6DAR-QyYM
std_1616494236613_688,2o43-xiHr
std_1616494238119_689,o6mx-6KuY
std_1616494239626_690,Dhkd-u3M9
std_1616494241131_691,Devc-i79U
std_1616494242638_692,oZkE-uEaf
std_1616494244144_693,aP43-9KDg
std_1616494245650_694,uiVG-2bKr
std_1616494247157_695,ik82-s7Br
std_1616494248662_696,A896-q6Gz
std_1616494250169_697,6wvs-aYLo
std_1616494251678_698,A243-93K8
std_1616494253183_699,2j3G-dUjE
std_1616494254690_700,GYUp-rA72
std_1616494256198_701,XT4s-E6Ey
std_1616494257703_702,sF6P-zNA3
std_1616494259209_703,2E7X-NRMD
std_1616494260715_704,ukZ6-NTez
std_1616494262222_705,j3xo-k9FK
std_1616494263728_706,6kg4-xgXa
std_1616494265234_707,zq2v-uw9o
std_1616494266742_708,C37r-uqvA
std_1616494268247_709,X979-DbQ2
std_1616494269754_710,6U2m-jLi7
std_1616494271261_711,m8Vy-oRf9
std_1616494272766_712,ZPY6-MD72
std_1616494274273_713,XHGL-26vk
std_1616494275780_714,8U7M-PQX7
std_1616494277285_715,N32y-Teic
std_1616494278792_716,8JcE-7cYc
std_1616494280299_717,n7VP-WXyT
std_1616494281806_718,qD83-vXWQ
std_1616494283311_719,s6F3-cjtj
std_1616494284818_720,X38f-JaX3
std_1616494286324_721,7HCB-KYwn
std_1616494287832_722,y3wy-2mT9
std_1616494289339_723,Y8p7-Y2p2
std_1616494290845_724,4nNZ-xnYt
std_1616494292352_725,wQ2h-BAa3
std_1616494293859_726,zCkQ-KR4o
std_1616494295365_727,N738-4Ny2
std_1616494296870_728,hKC4-Bgui
std_1616494298377_729,vAtn-8bZs
std_1616494299883_730,r8s8-4tw6
std_1616494301388_731,Nb2M-kpW9
std_1616494302894_732,Dyj8-2aNm
std_1616494304400_733,LCqU-Ty73
std_1616494305906_734,sghE-Hio2
std_1616494307412_735,M3Q4-6jm7
std_1616494308920_736,Qu2u-jFLk
std_1616494310425_737,z9xU-XHei
std_1616494311932_738,U6YD-2DEQ
std_1616494313438_739,AY79-7RN3
std_1616494315024_740,egPK-BiaX
std_1616494316530_741,jNs9-pT8G
std_1616494318036_742,Ese2-jq6E
std_1616494319543_743,VfXW-oEP7
std_1616494321049_744,jhK3-Bu2F
std_1616494322555_745,p6w2-B9po
std_1616494324061_746,H74U-GZqo
std_1616494325566_747,WrMA-hjqD
std_1616494327073_748,et7r-Z3AX
std_1616494328580_749,uJW3-86EM
std_1616494330085_750,dge8-9Qoh
std_1616494331592_751,3sNp-udQj
std_1616494333099_752,9g3A-rea2
std_1616494334604_753,nm7J-29b7
std_1616494336110_754,g74v-387V
std_1616494337617_755,b6ud-7P67
std_1616494339123_756,gGq9-J49E
std_1616494340628_757,DhVa-Wirt
std_1616494342135_758,9VmZ-j98X
std_1616494343643_759,gChk-rmpa
std_1616494345147_760,4v3h-VEyZ
std_1616494346653_761,pw8i-4yrm
std_1616494348159_762,iYRL-Q28g
std_1616494349667_763,jhvo-igd9
std_1616494351176_764,2qd7-nv6P
std_1616494352682_765,BJXJ-wBnr
std_1616494354189_766,962b-NLp9
std_1616494355697_767,4jnC-7sjD
std_1616494357202_768,4jVd-t7G8
std_1616494358709_769,mErm-M2C4
std_1616494360215_770,dgLp-zp6m
std_1616494361721_771,dZtG-pwJG
std_1616494363227_772,P46P-ARVa
std_1616494364734_773,droN-Cg6d
std_1616494366241_774,uCt6-Qdo3
std_1616494367747_775,G7T9-zbm8
std_1616494369252_776,VLUZ-4q6m
std_1616494370758_777,8ed6-4u4t
std_1616494372264_778,Zkwa-9JoT
std_1616494373771_779,th3B-4T8s
std_1616494375278_780,RvH7-xzom
std_1616494376783_781,ic7Q-Yazs
std_1616494378289_782,QLNo-Zzba
std_1616494379797_783,7E3R-ADaU
std_1616494381301_784,jige-4iwg
std_1616494382808_785,6Qbu-r7wU
std_1616494384314_786,vdK3-M73F
std_1616494385820_787,6DAR-QyYM
std_1616494387326_788,2o43-xiHr
std_1616494388832_789,o6mx-6KuY
std_1616494390340_790,Dhkd-u3M9
std_1616494391845_791,Devc-i79U
std_1616494393351_792,oZkE-uEaf
std_1616494394857_793,aP43-9KDg
std_1616494396365_794,uiVG-2bKr
std_1616494397870_795,ik82-s7Br
std_1616494399376_796,A896-q6Gz
std_1616494400882_797,6wvs-aYLo
std_1616494402388_798,A243-93K8
std_1616494403894_799,2j3G-dUjE
std_1616494405400_800,GYUp-rA72
std_1616494406908_801,XT4s-E6Ey
std_1616494408415_802,sF6P-zNA3
std_1616494409919_803,2E7X-NRMD
std_1616494411426_804,ukZ6-NTez
std_1616494412931_805,j3xo-k9FK
std_1616494414437_806,6kg4-xgXa
std_1616494415943_807,zq2v-uw9o
std_1616494417449_808,C37r-uqvA
std_1616494418955_809,X979-DbQ2
std_1616494420461_810,6U2m-jLi7
std_1616494421967_811,m8Vy-oRf9
std_1616494423473_812,ZPY6-MD72
std_1616494424980_813,XHGL-26vk
std_1616494426486_814,8U7M-PQX7
std_1616494427991_815,N32y-Teic
std_1616494429498_816,8JcE-7cYc
std_1616494431005_817,n7VP-WXyT
std_1616494432509_818,qD83-vXWQ
std_1616494434016_819,s6F3-cjtj
std_1616494435523_820,X38f-JaX3
std_1616494437030_821,7HCB-KYwn
std_1616494438534_822,y3wy-2mT9
std_1616494440040_823,Y8p7-Y2p2
std_1616494441547_824,4nNZ-xnYt
std_1616494443053_825,wQ2h-BAa3
std_1616494444559_826,zCkQ-KR4o
std_1616494446065_827,N738-4Ny2
std_1616494447571_828,hKC4-Bgui
std_1616494449078_829,vAtn-8bZs
std_1616494450583_830,r8s8-4tw6
std_1616494452089_831,Nb2M-kpW9
std_1616494453595_832,Dyj8-2aNm
std_1616494455102_833,LCqU-Ty73
std_1616494456608_834,sghE-Hio2
std_1616494458114_835,M3Q4-6jm7
std_1616494459620_836,Qu2u-jFLk
std_1616494461125_837,z9xU-XHei
std_1616494462632_838,U6YD-2DEQ
std_1616494464139_839,AY79-7RN3
std_1616494465644_840,egPK-BiaX
std_1616494467151_841,jNs9-pT8G
std_1616494468657_842,Ese2-jq6E
std_1616494470163_843,VfXW-oEP7
std_1616494471669_844,jhK3-Bu2F
std_1616494473175_845,p6w2-B9po
std_1616494474681_846,H74U-GZqo
std_1616494476187_847,WrMA-hjqD
std_1616494477694_848,et7r-Z3AX
std_1616494479200_849,uJW3-86EM
std_1616494480706_850,dge8-9Qoh
std_1616494482212_851,3sNp-udQj
std_1616494483719_852,9g3A-rea2
std_1616494485225_853,nm7J-29b7
std_1616494486732_854,g74v-387V
std_1616494488238_855,b6ud-7P67
std_1616494489744_856,gGq9-J49E
std_1616494491251_857,DhVa-Wirt
std_1616494492757_858,9VmZ-j98X
std_1616494494264_859,gChk-rmpa
std_1616494495770_860,4v3h-VEyZ
std_1616494497276_861,pw8i-4yrm
std_1616494498782_862,iYRL-Q28g
std_1616494500290_863,jhvo-igd9
std_1616494501796_864,2qd7-nv6P
std_1616494503302_865,BJXJ-wBnr
std_1616494504808_866,962b-NLp9
std_1616494506317_867,4jnC-7sjD
std_1616494507821_868,4jVd-t7G8
std_1616494509328_869,mErm-M2C4
std_1616494510835_870,dgLp-zp6m
std_1616494512341_871,dZtG-pwJG
std_1616494513846_872,P46P-ARVa
std_1616494515352_873,droN-Cg6d
std_1616494516859_874,uCt6-Qdo3
std_1616494518366_875,G7T9-zbm8
std_1616494519872_876,VLUZ-4q6m
std_1616494521377_877,8ed6-4u4t
std_1616494522884_878,Zkwa-9JoT
std_1616494524389_879,th3B-4T8s
std_1616494525895_880,RvH7-xzom
std_1616494527403_881,ic7Q-Yazs
std_1616494528908_882,QLNo-Zzba
std_1616494530416_883,7E3R-ADaU
std_1616494531923_884,jige-4iwg
std_1616494533430_885,6Qbu-r7wU
std_1616494534937_886,vdK3-M73F
std_1616494536445_887,6DAR-QyYM
std_1616494537952_888,2o43-xiHr
std_1616494539458_889,o6mx-6KuY
std_1616494540967_890,Dhkd-u3M9
std_1616494542474_891,Devc-i79U
std_1616494543982_892,oZkE-uEaf
std_1616494545491_893,aP43-9KDg
std_1616494546998_894,uiVG-2bKr
std_1616494548505_895,ik82-s7Br
std_1616494550012_896,A896-q6Gz
std_1616494551520_897,6wvs-aYLo
std_1616494553027_898,A243-93K8
std_1616494554535_899,2j3G-dUjE
std_1616494556044_900,GYUp-rA72
std_1616494557553_901,XT4s-E6Ey
std_1616494559061_902,sF6P-zNA3
std_1616494560568_903,2E7X-NRMD
std_1616494562075_904,ukZ6-NTez
std_1616494563581_905,j3xo-k9FK
std_1616494565088_906,6kg4-xgXa
std_1616494566595_907,zq2v-uw9o
std_1616494568104_908,C37r-uqvA
std_1616494569612_909,X979-DbQ2
std_1616494571120_910,6U2m-jLi7
std_1616494572627_911,m8Vy-oRf9
std_1616494574134_912,ZPY6-MD72
std_1616494575644_913,XHGL-26vk
std_1616494577150_914,8U7M-PQX7
std_1616494578656_915,N32y-Teic
std_1616494580163_916,8JcE-7cYc
std_1616494581671_917,n7VP-WXyT
std_1616494583178_918,qD83-vXWQ
std_1616494584684_919,s6F3-cjtj
std_1616494586191_920,X38f-JaX3
std_1616494587698_921,7HCB-KYwn
std_1616494589205_922,y3wy-2mT9
std_1616494590713_923,Y8p7-Y2p2
std_1616494592219_924,4nNZ-xnYt
std_1616494593726_925,wQ2h-BAa3
std_1616494595233_926,zCkQ-KR4o
std_1616494596739_927,N738-4Ny2
std_1616494598246_928,hKC4-Bgui
std_1616494599753_929,vAtn-8bZs
std_1616494601259_930,r8s8-4tw6
std_1616494602768_931,Nb2M-kpW9
std_1616494604273_932,Dyj8-2aNm
std_1616494605781_933,LCqU-Ty73
std_1616494607286_934,sghE-Hio2
std_1616494608793_935,M3Q4-6jm7
std_1616494610300_936,Qu2u-jFLk
std_1616494611807_937,z9xU-XHei
std_1616494613315_938,U6YD-2DEQ
std_1616494614821_939,AY79-7RN3
std_1616494616331_940,egPK-BiaX
std_1616494617837_941,jNs9-pT8G
std_1616494619342_942,Ese2-jq6E
std_1616494620850_943,VfXW-oEP7
std_1616494622357_944,jhK3-Bu2F
std_1616494623863_945,p6w2-B9po
std_1616494625370_946,H74U-GZqo
std_1616494626878_947,WrMA-hjqD
std_1616494628385_948,et7r-Z3AX
std_1616494629890_949,uJW3-86EM
std_1616494631398_950,dge8-9Qoh
std_1616494632905_951,3sNp-udQj
std_1616494634410_952,9g3A-rea2
std_1616494635918_953,nm7J-29b7
std_1616494637424_954,g74v-387V
std_1616494638932_955,b6ud-7P67
std_1616494640439_956,gGq9-J49E
std_1616494641947_957,DhVa-Wirt
std_1616494643453_958,9VmZ-j98X
std_1616494644959_959,gChk-rmpa
std_1616494646466_960,4v3h-VEyZ
std_1616494647973_961,pw8i-4yrm
std_1616494649480_962,iYRL-Q28g
std_1616494650987_963,jhvo-igd9
std_1616494652493_964,2qd7-nv6P
std_1616494654001_965,BJXJ-wBnr
std_1616494655508_966,962b-NLp9
std_1616494657015_967,4jnC-7sjD
std_1616494658521_968,4jVd-t7G8
std_1616494660028_969,mErm-M2C4
std_1616494661535_970,dgLp-zp6m
std_1616494663041_971,dZtG-pwJG
std_1616494664546_972,P46P-ARVa
std_1616494666053_973,droN-Cg6d
std_1616494667560_974,uCt6-Qdo3
std_1616494669066_975,G7T9-zbm8
std_1616494670573_976,VLUZ-4q6m
std_1616494672080_977,8ed6-4u4t
std_1616494673585_978,Zkwa-9JoT
std_1616494675092_979,th3B-4T8s
std_1616494676599_980,RvH7-xzom
std_1616494678106_981,ic7Q-Yazs
std_1616494679612_982,QLNo-Zzba
std_1616494681121_983,7E3R-ADaU
std_1616494682626_984,jige-4iwg
std_1616494684132_985,6Qbu-r7wU
std_1616494685639_986,vdK3-M73F
std_1616494687146_987,6DAR-QyYM
std_1616494688652_988,2o43-xiHr
std_1616494690164_989,o6mx-6KuY
std_1616494691756_990,Dhkd-u3M9
std_1616494693267_991,Devc-i79U
std_1616494694777_992,oZkE-uEaf
std_1616494696284_993,aP43-9KDg
std_1616494697791_994,uiVG-2bKr
std_1616494699299_995,ik82-s7Br
std_1616494700805_996,A896-q6Gz
std_1616494702312_997,6wvs-aYLo
std_1616494703820_998,A243-93K8
std_1616494705327_999,2j3G-dUjE
std_1616494706834_1000,GYUp-rA72
std_1616494708343_1001,XT4s-E6Ey
std_1616494709855_1002,sF6P-zNA3
std_1616494711362_1003,2E7X-NRMD
std_1616494712868_1004,ukZ6-NTez
std_1616494714376_1005,j3xo-k9FK
std_1616494715883_1006,6kg4-xgXa
std_1616494717389_1007,zq2v-uw9o
std_1616494718896_1008,C37r-uqvA
std_1616494720402_1009,X979-DbQ2
std_1616494721909_1010,6U2m-jLi7
std_1616494723418_1011,m8Vy-oRf9
std_1616494724925_1012,ZPY6-MD72
std_1616494726432_1013,XHGL-26vk
std_1616494727939_1014,8U7M-PQX7
std_1616494729446_1015,N32y-Teic
std_1616494730953_1016,8JcE-7cYc
std_1616494732459_1017,n7VP-WXyT
std_1616494733966_1018,qD83-vXWQ
std_1616494735472_1019,s6F3-cjtj
std_1616494736982_1020,X38f-JaX3
std_1616494738490_1021,7HCB-KYwn
std_1616494739998_1022,y3wy-2mT9
std_1616494741503_1023,Y8p7-Y2p2
std_1616494743010_1024,4nNZ-xnYt
std_1616494744517_1025,wQ2h-BAa3
std_1616494746023_1026,zCkQ-KR4o
std_1616494747531_1027,N738-4Ny2
std_1616494749038_1028,hKC4-Bgui
std_1616494750546_1029,vAtn-8bZs
std_1616494752053_1030,r8s8-4tw6
std_1616494753558_1031,Nb2M-kpW9
std_1616494755066_1032,Dyj8-2aNm
std_1616494756572_1033,LCqU-Ty73
std_1616494758080_1034,sghE-Hio2
std_1616494759586_1035,M3Q4-6jm7
std_1616494761093_1036,Qu2u-jFLk
std_1616494762601_1037,z9xU-XHei
std_1616494764107_1038,U6YD-2DEQ
std_1616494765615_1039,AY79-7RN3
std_1616494767121_1040,egPK-BiaX
std_1616494768628_1041,jNs9-pT8G
std_1616494770136_1042,Ese2-jq6E
std_1616494771641_1043,VfXW-oEP7
std_1616494773150_1044,jhK3-Bu2F
std_1616494774657_1045,p6w2-B9po
std_1616494776165_1046,H74U-GZqo
std_1616494777671_1047,WrMA-hjqD
std_1616494779178_1048,et7r-Z3AX
std_1616494780685_1049,uJW3-86EM
std_1616494782191_1050,dge8-9Qoh
std_1616494783699_1051,3sNp-udQj
std_1616494785205_1052,9g3A-rea2
std_1616494786712_1053,nm7J-29b7
std_1616494788220_1054,g74v-387V
std_1616494789727_1055,b6ud-7P67
std_1616494791234_1056,gGq9-J49E
std_1616494792739_1057,DhVa-Wirt
std_1616494794248_1058,9VmZ-j98X
std_1616494795755_1059,gChk-rmpa
std_1616494797261_1060,4v3h-VEyZ
std_1616494798767_1061,pw8i-4yrm
std_1616494800273_1062,iYRL-Q28g
std_1616494801781_1063,jhvo-igd9
std_1616494803286_1064,2qd7-nv6P
std_1616494804967_1065,BJXJ-wBnr
std_1616494806299_1066,962b-NLp9
std_1616494807806_1067,4jnC-7sjD
std_1616494809313_1068,4jVd-t7G8
std_1616494810818_1069,mErm-M2C4
std_1616494812325_1070,dgLp-zp6m
std_1616494813834_1071,dZtG-pwJG
std_1616494815343_1072,P46P-ARVa
std_1616494816848_1073,droN-Cg6d
std_1616494818355_1074,uCt6-Qdo3
std_1616494819862_1075,G7T9-zbm8
std_1616494821369_1076,VLUZ-4q6m
std_1616494822877_1077,8ed6-4u4t
std_1616494824383_1078,Zkwa-9JoT
std_1616494825985_1079,th3B-4T8s
std_1616494827495_1080,RvH7-xzom
std_1616494829001_1081,ic7Q-Yazs
std_1616494830507_1082,QLNo-Zzba
std_1616494832014_1083,7E3R-ADaU
std_1616494833521_1084,jige-4iwg
std_1616494835026_1085,6Qbu-r7wU
std_1616494836533_1086,vdK3-M73F
std_1616494838039_1087,6DAR-QyYM
std_1616494839547_1088,2o43-xiHr
std_1616494841056_1089,o6mx-6KuY
std_1616494842562_1090,Dhkd-u3M9
std_1616494844068_1091,Devc-i79U
std_1616494845576_1092,oZkE-uEaf
std_1616494847083_1093,aP43-9KDg
std_1616494848589_1094,uiVG-2bKr
std_1616494850095_1095,ik82-s7Br
std_1616494851601_1096,A896-q6Gz
std_1616494853106_1097,6wvs-aYLo
std_1616494854613_1098,A243-93K8
std_1616494856119_1099,2j3G-dUjE
std_1616494857626_1100,GYUp-rA72
std_1616494859134_1101,XT4s-E6Ey
std_1616494860639_1102,sF6P-zNA3
std_1616494862145_1103,2E7X-NRMD
std_1616494863651_1104,ukZ6-NTez
std_1616494865159_1105,j3xo-k9FK
std_1616494866666_1106,6kg4-xgXa
std_1616494868173_1107,zq2v-uw9o
std_1616494869680_1108,C37r-uqvA
std_1616494871186_1109,X979-DbQ2
std_1616494872693_1110,6U2m-jLi7
std_1616494874201_1111,m8Vy-oRf9
std_1616494875706_1112,ZPY6-MD72
std_1616494877214_1113,XHGL-26vk
std_1616494878720_1114,8U7M-PQX7
std_1616494880228_1115,N32y-Teic
std_1616494881734_1116,8JcE-7cYc
std_1616494883239_1117,n7VP-WXyT
std_1616494884768_1118,qD83-vXWQ
std_1616494886257_1119,s6F3-cjtj
std_1616494887771_1120,X38f-JaX3
std_1616494889278_1121,7HCB-KYwn
std_1616494890785_1122,y3wy-2mT9
std_1616494892292_1123,Y8p7-Y2p2
std_1616494893799_1124,4nNZ-xnYt
std_1616494895306_1125,wQ2h-BAa3
std_1616494896815_1126,zCkQ-KR4o
std_1616494898321_1127,N738-4Ny2
std_1616494899829_1128,hKC4-Bgui
std_1616494901334_1129,vAtn-8bZs
std_1616494902841_1130,r8s8-4tw6
std_1616494904349_1131,Nb2M-kpW9
std_1616494905856_1132,Dyj8-2aNm
std_1616494907362_1133,LCqU-Ty73
std_1616494908868_1134,sghE-Hio2
std_1616494910375_1135,M3Q4-6jm7
std_1616494911882_1136,Qu2u-jFLk
std_1616494913388_1137,z9xU-XHei
std_1616494914895_1138,U6YD-2DEQ
std_1616494916401_1139,AY79-7RN3
std_1616494917908_1140,egPK-BiaX
std_1616494919415_1141,jNs9-pT8G
std_1616494920921_1142,Ese2-jq6E
std_1616494922428_1143,VfXW-oEP7
std_1616494923934_1144,jhK3-Bu2F
std_1616494925440_1145,p6w2-B9po
std_1616494926947_1146,H74U-GZqo
std_1616494928454_1147,WrMA-hjqD
std_1616494929960_1148,et7r-Z3AX
std_1616494931466_1149,uJW3-86EM
std_1616494932972_1150,dge8-9Qoh
std_1616494934480_1151,3sNp-udQj
std_1616494935986_1152,9g3A-rea2
std_1616494937491_1153,nm7J-29b7
std_1616494939002_1154,g74v-387V
std_1616494940508_1155,b6ud-7P67
std_1616494942017_1156,gGq9-J49E
std_1616494943530_1157,DhVa-Wirt
std_1616494945036_1158,9VmZ-j98X
std_1616494946547_1159,gChk-rmpa
std_1616494948057_1160,4v3h-VEyZ
std_1616494949569_1161,pw8i-4yrm
std_1616494951078_1162,iYRL-Q28g
std_1616494952586_1163,jhvo-igd9
std_1616494954094_1164,2qd7-nv6P
std_1616494955602_1165,BJXJ-wBnr
std_1616494957110_1166,962b-NLp9
std_1616494958618_1167,4jnC-7sjD
std_1616494960128_1168,4jVd-t7G8
std_1616494961690_1169,mErm-M2C4
std_1616494963190_1170,dgLp-zp6m
std_1616494964695_1171,dZtG-pwJG
std_1616494966214_1172,P46P-ARVa
std_1616494967715_1173,droN-Cg6d
std_1616494969221_1174,uCt6-Qdo3
std_1616494970728_1175,G7T9-zbm8
std_1616494972234_1176,VLUZ-4q6m
std_1616494973741_1177,8ed6-4u4t
std_1616494975247_1178,Zkwa-9JoT
std_1616494976753_1179,th3B-4T8s
std_1616494978260_1180,RvH7-xzom
std_1616494979766_1181,ic7Q-Yazs
std_1616494981273_1182,QLNo-Zzba
std_1616494982780_1183,7E3R-ADaU
std_1616494984287_1184,jige-4iwg
std_1616494985793_1185,6Qbu-r7wU
std_1616494987299_1186,vdK3-M73F
std_1616494988806_1187,6DAR-QyYM
std_1616494990313_1188,2o43-xiHr
std_1616494991819_1189,o6mx-6KuY
std_1616494993342_1190,Dhkd-u3M9
std_1616494994834_1191,Devc-i79U
std_1616494996341_1192,oZkE-uEaf
std_1616494997848_1193,aP43-9KDg
std_1616494999355_1194,uiVG-2bKr
std_1616495000860_1195,ik82-s7Br
std_1616495002368_1196,A896-q6Gz
std_1616495003875_1197,6wvs-aYLo
std_1616495005382_1198,A243-93K8
std_1616495006889_1199,2j3G-dUjE
std_1616495008396_1200,GYUp-rA72
std_1616495009907_1201,XT4s-E6Ey
std_1616495011410_1202,sF6P-zNA3
std_1616495012915_1203,2E7X-NRMD
std_1616495014422_1204,ukZ6-NTez
std_1616495015928_1205,j3xo-k9FK
std_1616495017434_1206,6kg4-xgXa
std_1616495018940_1207,zq2v-uw9o
std_1616495020448_1208,C37r-uqvA
std_1616495021953_1209,X979-DbQ2
std_1616495023460_1210,6U2m-jLi7
std_1616495024966_1211,m8Vy-oRf9
std_1616495026474_1212,ZPY6-MD72
std_1616495027979_1213,XHGL-26vk
std_1616495029485_1214,8U7M-PQX7
std_1616495030991_1215,N32y-Teic
std_1616495032499_1216,8JcE-7cYc
std_1616495034005_1217,n7VP-WXyT
std_1616495035511_1218,qD83-vXWQ
std_1616495037018_1219,s6F3-cjtj
std_1616495038614_1220,X38f-JaX3
std_1616495040121_1221,7HCB-KYwn
std_1616495041627_1222,y3wy-2mT9
std_1616495043134_1223,Y8p7-Y2p2
std_1616495044640_1224,4nNZ-xnYt
std_1616495046148_1225,wQ2h-BAa3
std_1616495047654_1226,zCkQ-KR4o
std_1616495049161_1227,N738-4Ny2
std_1616495050667_1228,hKC4-Bgui
std_1616495052174_1229,vAtn-8bZs
std_1616495053680_1230,r8s8-4tw6
std_1616495055186_1231,Nb2M-kpW9
std_1616495056694_1232,Dyj8-2aNm
std_1616495058199_1233,LCqU-Ty73
std_1616495059706_1234,sghE-Hio2
std_1616495061211_1235,M3Q4-6jm7
std_1616495062718_1236,Qu2u-jFLk
std_1616495064223_1237,z9xU-XHei
std_1616495065730_1238,U6YD-2DEQ
std_1616495067236_1239,AY79-7RN3
std_1616495068742_1240,egPK-BiaX
std_1616495070249_1241,jNs9-pT8G
std_1616495071756_1242,Ese2-jq6E
std_1616495073262_1243,VfXW-oEP7
std_1616495074767_1244,jhK3-Bu2F
std_1616495076274_1245,p6w2-B9po
std_1616495077779_1246,H74U-GZqo
std_1616495079285_1247,WrMA-hjqD
std_1616495080792_1248,et7r-Z3AX
std_1616495082298_1249,uJW3-86EM
std_1616495083804_1250,dge8-9Qoh
std_1616495085310_1251,3sNp-udQj
std_1616495086817_1252,9g3A-rea2
std_1616495088324_1253,nm7J-29b7
std_1616495089830_1254,g74v-387V
std_1616495091337_1255,b6ud-7P67
std_1616495092842_1256,gGq9-J49E
std_1616495094351_1257,DhVa-Wirt
std_1616495095856_1258,9VmZ-j98X
std_1616495097363_1259,gChk-rmpa
std_1616495098869_1260,4v3h-VEyZ
std_1616495100375_1261,pw8i-4yrm
std_1616495101881_1262,iYRL-Q28g
std_1616495103386_1263,jhvo-igd9
std_1616495104893_1264,2qd7-nv6P
std_1616495106399_1265,BJXJ-wBnr
std_1616495107905_1266,962b-NLp9
std_1616495109411_1267,4jnC-7sjD
std_1616495110918_1268,4jVd-t7G8
std_1616495112424_1269,mErm-M2C4
std_1616495113931_1270,dgLp-zp6m
std_1616495115438_1271,dZtG-pwJG
std_1616495116945_1272,P46P-ARVa
std_1616495118452_1273,droN-Cg6d
std_1616495119957_1274,uCt6-Qdo3
std_1616495121465_1275,G7T9-zbm8
std_1616495122970_1276,VLUZ-4q6m
std_1616495124478_1277,8ed6-4u4t
std_1616495125984_1278,Zkwa-9JoT
std_1616495127491_1279,th3B-4T8s
std_1616495128996_1280,RvH7-xzom
std_1616495130505_1281,ic7Q-Yazs
std_1616495132013_1282,QLNo-Zzba
std_1616495133518_1283,7E3R-ADaU
std_1616495135025_1284,jige-4iwg
std_1616495136531_1285,6Qbu-r7wU
std_1616495138037_1286,vdK3-M73F
std_1616495139544_1287,6DAR-QyYM
std_1616495141056_1288,2o43-xiHr
std_1616495142562_1289,o6mx-6KuY
std_1616495144070_1290,Dhkd-u3M9
std_1616495145579_1291,Devc-i79U
std_1616495147084_1292,oZkE-uEaf
std_1616495148590_1293,aP43-9KDg
std_1616495150096_1294,uiVG-2bKr
std_1616495151604_1295,ik82-s7Br
std_1616495153109_1296,A896-q6Gz
std_1616495154616_1297,6wvs-aYLo
std_1616495156121_1298,A243-93K8
std_1616495157627_1299,2j3G-dUjE
std_1616495159134_1300,GYUp-rA72
std_1616495160640_1301,XT4s-E6Ey
std_1616495162147_1302,sF6P-zNA3
std_1616495163652_1303,2E7X-NRMD
std_1616495165159_1304,ukZ6-NTez
std_1616495166665_1305,j3xo-k9FK
std_1616495168170_1306,6kg4-xgXa
std_1616495169676_1307,zq2v-uw9o
std_1616495171183_1308,C37r-uqvA
std_1616495172689_1309,X979-DbQ2
std_1616495174197_1310,6U2m-jLi7
std_1616495175702_1311,m8Vy-oRf9
std_1616495177208_1312,ZPY6-MD72
std_1616495178715_1313,XHGL-26vk
std_1616495180221_1314,8U7M-PQX7
std_1616495181727_1315,N32y-Teic
std_1616495183234_1316,8JcE-7cYc
std_1616495184739_1317,n7VP-WXyT
std_1616495186246_1318,qD83-vXWQ
std_1616495187752_1319,s6F3-cjtj
std_1616495189259_1320,X38f-JaX3
std_1616495190765_1321,7HCB-KYwn
std_1616495192272_1322,y3wy-2mT9
std_1616495193797_1323,Y8p7-Y2p2
std_1616495195284_1324,4nNZ-xnYt
std_1616495196790_1325,wQ2h-BAa3
std_1616495198296_1326,zCkQ-KR4o
std_1616495199802_1327,N738-4Ny2
std_1616495201308_1328,hKC4-Bgui
std_1616495202815_1329,vAtn-8bZs
std_1616495204321_1330,r8s8-4tw6
std_1616495205827_1331,Nb2M-kpW9
std_1616495207335_1332,Dyj8-2aNm
std_1616495208841_1333,LCqU-Ty73
std_1616495210347_1334,sghE-Hio2
std_1616495211853_1335,M3Q4-6jm7
std_1616495213361_1336,Qu2u-jFLk
std_1616495214867_1337,z9xU-XHei
std_1616495216375_1338,U6YD-2DEQ
std_1616495217881_1339,AY79-7RN3
std_1616495219388_1340,egPK-BiaX
std_1616495220895_1341,jNs9-pT8G
std_1616495222404_1342,Ese2-jq6E
std_1616495223912_1343,VfXW-oEP7
std_1616495225420_1344,jhK3-Bu2F
std_1616495226925_1345,p6w2-B9po
std_1616495228432_1346,H74U-GZqo
std_1616495229938_1347,WrMA-hjqD
std_1616495231445_1348,et7r-Z3AX
std_1616495232988_1349,uJW3-86EM
std_1616495234495_1350,dge8-9Qoh
std_1616495236003_1351,3sNp-udQj
std_1616495237510_1352,9g3A-rea2
std_1616495239016_1353,nm7J-29b7
std_1616495240522_1354,g74v-387V
std_1616495242029_1355,b6ud-7P67
std_1616495243536_1356,gGq9-J49E
std_1616495245043_1357,DhVa-Wirt
std_1616495246550_1358,9VmZ-j98X
std_1616495248056_1359,gChk-rmpa
std_1616495249563_1360,4v3h-VEyZ
std_1616495251069_1361,pw8i-4yrm
std_1616495252576_1362,iYRL-Q28g
std_1616495254082_1363,jhvo-igd9
std_1616495255589_1364,2qd7-nv6P
std_1616495257095_1365,BJXJ-wBnr
std_1616495258603_1366,962b-NLp9
std_1616495260108_1367,4jnC-7sjD
std_1616495261615_1368,4jVd-t7G8
std_1616495263121_1369,mErm-M2C4
std_1616495264629_1370,dgLp-zp6m
std_1616495266134_1371,dZtG-pwJG
std_1616495267641_1372,P46P-ARVa
std_1616495269149_1373,droN-Cg6d
std_1616495270654_1374,uCt6-Qdo3
std_1616495272161_1375,G7T9-zbm8
std_1616495273668_1376,VLUZ-4q6m
std_1616495275173_1377,8ed6-4u4t
std_1616495276690_1378,Zkwa-9JoT
std_1616495278198_1379,th3B-4T8s
std_1616495279704_1380,RvH7-xzom
std_1616495281211_1381,ic7Q-Yazs
std_1616495282718_1382,QLNo-Zzba
std_1616495284224_1383,7E3R-ADaU
std_1616495285731_1384,jige-4iwg
std_1616495287236_1385,6Qbu-r7wU
std_1616495288742_1386,vdK3-M73F
std_1616495290249_1387,6DAR-QyYM
std_1616495291756_1388,2o43-xiHr
std_1616495293264_1389,o6mx-6KuY
std_1616495294769_1390,Dhkd-u3M9
std_1616495296276_1391,Devc-i79U
std_1616495297783_1392,oZkE-uEaf
std_1616495299288_1393,aP43-9KDg
std_1616495300795_1394,uiVG-2bKr
std_1616495302301_1395,ik82-s7Br
std_1616495303809_1396,A896-q6Gz
std_1616495305315_1397,6wvs-aYLo
std_1616495306821_1398,A243-93K8
std_1616495308327_1399,2j3G-dUjE
std_1616495309834_1400,GYUp-rA72
std_1616495311341_1401,XT4s-E6Ey
std_1616495312849_1402,sF6P-zNA3
std_1616495314353_1403,2E7X-NRMD
std_1616495315860_1404,ukZ6-NTez
std_1616495317366_1405,j3xo-k9FK
std_1616495318873_1406,6kg4-xgXa
std_1616495320379_1407,zq2v-uw9o
std_1616495321886_1408,C37r-uqvA
std_1616495323393_1409,X979-DbQ2
std_1616495324900_1410,6U2m-jLi7
std_1616495326407_1411,m8Vy-oRf9
std_1616495327913_1412,ZPY6-MD72
std_1616495329419_1413,XHGL-26vk
std_1616495330927_1414,8U7M-PQX7
std_1616495332433_1415,N32y-Teic
std_1616495333939_1416,8JcE-7cYc
std_1616495335446_1417,n7VP-WXyT
std_1616495336952_1418,qD83-vXWQ
std_1616495338459_1419,s6F3-cjtj
std_1616495339966_1420,X38f-JaX3
std_1616495341471_1421,7HCB-KYwn
std_1616495342979_1422,y3wy-2mT9
std_1616495344485_1423,Y8p7-Y2p2
std_1616495345993_1424,4nNZ-xnYt
std_1616495347498_1425,wQ2h-BAa3
std_1616495349005_1426,zCkQ-KR4o
std_1616495350512_1427,N738-4Ny2
std_1616495352019_1428,hKC4-Bgui
std_1616495353525_1429,vAtn-8bZs
std_1616495355033_1430,r8s8-4tw6
std_1616495356538_1431,Nb2M-kpW9
std_1616495358045_1432,Dyj8-2aNm
std_1616495359551_1433,LCqU-Ty73
std_1616495361057_1434,sghE-Hio2
std_1616495362564_1435,M3Q4-6jm7
std_1616495364130_1436,Qu2u-jFLk
std_1616495365636_1437,z9xU-XHei
std_1616495367142_1438,U6YD-2DEQ
std_1616495368649_1439,AY79-7RN3
std_1616495370156_1440,egPK-BiaX
std_1616495371662_1441,jNs9-pT8G
std_1616495373168_1442,Ese2-jq6E
std_1616495374676_1443,VfXW-oEP7
std_1616495376182_1444,jhK3-Bu2F
std_1616495377687_1445,p6w2-B9po
std_1616495379194_1446,H74U-GZqo
std_1616495380700_1447,WrMA-hjqD
std_1616495382207_1448,et7r-Z3AX
std_1616495383714_1449,uJW3-86EM
std_1616495385221_1450,dge8-9Qoh
std_1616495386726_1451,3sNp-udQj
std_1616495388234_1452,9g3A-rea2
std_1616495389739_1453,nm7J-29b7
std_1616495391246_1454,g74v-387V
std_1616495392753_1455,b6ud-7P67
std_1616495394260_1456,gGq9-J49E
std_1616495395766_1457,DhVa-Wirt
std_1616495397273_1458,9VmZ-j98X
std_1616495398779_1459,gChk-rmpa
std_1616495400285_1460,4v3h-VEyZ
std_1616495401791_1461,pw8i-4yrm
std_1616495403298_1462,iYRL-Q28g
std_1616495404805_1463,jhvo-igd9
std_1616495406312_1464,2qd7-nv6P
std_1616495407819_1465,BJXJ-wBnr
std_1616495409325_1466,962b-NLp9
std_1616495410832_1467,4jnC-7sjD
std_1616495412339_1468,4jVd-t7G8
std_1616495413845_1469,mErm-M2C4
std_1616495415351_1470,dgLp-zp6m
std_1616495416858_1471,dZtG-pwJG
std_1616495418364_1472,P46P-ARVa
std_1616495419870_1473,droN-Cg6d
std_1616495421377_1474,uCt6-Qdo3
std_1616495422883_1475,G7T9-zbm8
std_1616495424389_1476,VLUZ-4q6m
std_1616495425896_1477,8ed6-4u4t
std_1616495427402_1478,Zkwa-9JoT
std_1616495428908_1479,th3B-4T8s
std_1616495430414_1480,RvH7-xzom
std_1616495431920_1481,ic7Q-Yazs
std_1616495433427_1482,QLNo-Zzba
std_1616495434933_1483,7E3R-ADaU
std_1616495436440_1484,jige-4iwg
std_1616495437945_1485,6Qbu-r7wU
std_1616495439452_1486,vdK3-M73F
std_1616495440957_1487,6DAR-QyYM
std_1616495442465_1488,2o43-xiHr
std_1616495443970_1489,o6mx-6KuY
std_1616495445476_1490,Dhkd-u3M9
std_1616495446982_1491,Devc-i79U
std_1616495448488_1492,oZkE-uEaf
std_1616495450001_1493,aP43-9KDg
std_1616495451501_1494,uiVG-2bKr
std_1616495453007_1495,ik82-s7Br
std_1616495454515_1496,A896-q6Gz
std_1616495456020_1497,6wvs-aYLo
std_1616495457527_1498,A243-93K8
std_1616495459034_1499,2j3G-dUjE
std_1616495460540_1500,GYUp-rA72
std_1616495462048_1501,XT4s-E6Ey
std_1616495463554_1502,sF6P-zNA3
std_1616495465059_1503,2E7X-NRMD
std_1616495466565_1504,ukZ6-NTez
std_1616495468071_1505,j3xo-k9FK
std_1616495469579_1506,6kg4-xgXa
std_1616495471084_1507,zq2v-uw9o
std_1616495472591_1508,C37r-uqvA
std_1616495474098_1509,X979-DbQ2
std_1616495475603_1510,6U2m-jLi7
std_1616495477110_1511,m8Vy-oRf9
std_1616495478616_1512,ZPY6-MD72
std_1616495480122_1513,XHGL-26vk
std_1616495481628_1514,8U7M-PQX7
std_1616495483134_1515,N32y-Teic
std_1616495484640_1516,8JcE-7cYc
std_1616495486146_1517,n7VP-WXyT
std_1616495487652_1518,qD83-vXWQ
std_1616495489159_1519,s6F3-cjtj
std_1616495490666_1520,X38f-JaX3
std_1616495492171_1521,7HCB-KYwn
std_1616495493677_1522,y3wy-2mT9
std_1616495495183_1523,Y8p7-Y2p2
std_1616495496690_1524,4nNZ-xnYt
std_1616495498196_1525,wQ2h-BAa3
std_1616495499702_1526,zCkQ-KR4o
std_1616495501208_1527,N738-4Ny2
std_1616495502715_1528,hKC4-Bgui
std_1616495504220_1529,vAtn-8bZs
std_1616495505727_1530,r8s8-4tw6
std_1616495507233_1531,Nb2M-kpW9
std_1616495508741_1532,Dyj8-2aNm
std_1616495510248_1533,LCqU-Ty73
std_1616495511754_1534,sghE-Hio2
std_1616495513324_1535,M3Q4-6jm7
std_1616495514788_1536,Qu2u-jFLk
std_1616495516275_1537,z9xU-XHei
std_1616495517827_1538,U6YD-2DEQ
std_1616495519288_1539,AY79-7RN3
std_1616495520793_1540,egPK-BiaX
std_1616495522301_1541,jNs9-pT8G
std_1616495523806_1542,Ese2-jq6E
std_1616495525315_1543,VfXW-oEP7
std_1616495526820_1544,jhK3-Bu2F
std_1616495528327_1545,p6w2-B9po
std_1616495529833_1546,H74U-GZqo
std_1616495531340_1547,WrMA-hjqD
std_1616495532848_1548,et7r-Z3AX
std_1616495534353_1549,uJW3-86EM
std_1616495535860_1550,dge8-9Qoh
std_1616495537366_1551,3sNp-udQj
std_1616495538872_1552,9g3A-rea2
std_1616495540379_1553,nm7J-29b7
std_1616495541887_1554,g74v-387V
std_1616495543392_1555,b6ud-7P67
std_1616495544900_1556,gGq9-J49E
std_1616495546406_1557,DhVa-Wirt
std_1616495547913_1558,9VmZ-j98X
std_1616495549418_1559,gChk-rmpa
std_1616495550925_1560,4v3h-VEyZ
std_1616495552431_1561,pw8i-4yrm
std_1616495553939_1562,iYRL-Q28g
std_1616495555444_1563,jhvo-igd9
std_1616495556951_1564,2qd7-nv6P
std_1616495558458_1565,BJXJ-wBnr
std_1616495559964_1566,962b-NLp9
std_1616495561470_1567,4jnC-7sjD
std_1616495562976_1568,4jVd-t7G8
std_1616495564484_1569,mErm-M2C4
std_1616495566461_1570,dgLp-zp6m
std_1616495567496_1571,dZtG-pwJG
std_1616495569002_1572,P46P-ARVa
std_1616495570510_1573,droN-Cg6d
std_1616495572016_1574,uCt6-Qdo3
std_1616495573521_1575,G7T9-zbm8
std_1616495575028_1576,VLUZ-4q6m
std_1616495576536_1577,8ed6-4u4t
std_1616495578043_1578,Zkwa-9JoT
std_1616495579549_1579,th3B-4T8s
std_1616495581055_1580,RvH7-xzom
std_1616495582562_1581,ic7Q-Yazs
std_1616495584069_1582,QLNo-Zzba
std_1616495585576_1583,7E3R-ADaU
std_1616495587082_1584,jige-4iwg
std_1616495588589_1585,6Qbu-r7wU
std_1616495590096_1586,vdK3-M73F
std_1616495591602_1587,6DAR-QyYM
std_1616495593109_1588,2o43-xiHr
std_1616495594615_1589,o6mx-6KuY
std_1616495596120_1590,Dhkd-u3M9
std_1616495597630_1591,Devc-i79U
std_1616495599137_1592,oZkE-uEaf
std_1616495600643_1593,aP43-9KDg
std_1616495602150_1594,uiVG-2bKr
std_1616495603656_1595,ik82-s7Br
std_1616495605190_1596,A896-q6Gz
std_1616495606669_1597,6wvs-aYLo
std_1616495608177_1598,A243-93K8
std_1616495609682_1599,2j3G-dUjE
std_1616495611188_1600,GYUp-rA72
std_1616495612784_1601,XT4s-E6Ey
std_1616495614246_1602,sF6P-zNA3
std_1616495615713_1603,2E7X-NRMD
std_1616495617218_1604,ukZ6-NTez
std_1616495618724_1605,j3xo-k9FK
std_1616495620232_1606,6kg4-xgXa
std_1616495621737_1607,zq2v-uw9o
std_1616495623245_1608,C37r-uqvA
std_1616495624751_1609,X979-DbQ2
std_1616495626258_1610,6U2m-jLi7
std_1616495627765_1611,m8Vy-oRf9
std_1616495629271_1612,ZPY6-MD72
std_1616495630778_1613,XHGL-26vk
std_1616495632284_1614,8U7M-PQX7
std_1616495633791_1615,N32y-Teic
std_1616495635299_1616,8JcE-7cYc
std_1616495636804_1617,n7VP-WXyT
std_1616495638310_1618,qD83-vXWQ
std_1616495639817_1619,s6F3-cjtj
std_1616495641323_1620,X38f-JaX3
std_1616495642830_1621,7HCB-KYwn
std_1616495644336_1622,y3wy-2mT9
std_1616495645844_1623,Y8p7-Y2p2
std_1616495647350_1624,4nNZ-xnYt
std_1616495648856_1625,wQ2h-BAa3
std_1616495650363_1626,zCkQ-KR4o
std_1616495651870_1627,N738-4Ny2
std_1616495653376_1628,hKC4-Bgui
std_1616495654882_1629,vAtn-8bZs
std_1616495656390_1630,r8s8-4tw6
std_1616495657896_1631,Nb2M-kpW9
std_1616495659402_1632,Dyj8-2aNm
std_1616495660908_1633,LCqU-Ty73
std_1616495662416_1634,sghE-Hio2
std_1616495663922_1635,M3Q4-6jm7
std_1616495665518_1636,Qu2u-jFLk
std_1616495667025_1637,z9xU-XHei
std_1616495668532_1638,U6YD-2DEQ
std_1616495670039_1639,AY79-7RN3
std_1616495671546_1640,egPK-BiaX
std_1616495673053_1641,jNs9-pT8G
std_1616495674560_1642,Ese2-jq6E
std_1616495676067_1643,VfXW-oEP7
std_1616495677575_1644,jhK3-Bu2F
std_1616495679082_1645,p6w2-B9po
std_1616495680589_1646,H74U-GZqo
std_1616495682095_1647,WrMA-hjqD
std_1616495683602_1648,et7r-Z3AX
std_1616495685108_1649,uJW3-86EM
std_1616495686616_1650,dge8-9Qoh
std_1616495688121_1651,3sNp-udQj
std_1616495689628_1652,9g3A-rea2
std_1616495691134_1653,nm7J-29b7
std_1616495692640_1654,g74v-387V
std_1616495694148_1655,b6ud-7P67
std_1616495695653_1656,gGq9-J49E
std_1616495697160_1657,DhVa-Wirt
std_1616495698666_1658,9VmZ-j98X
std_1616495700172_1659,gChk-rmpa
std_1616495701678_1660,4v3h-VEyZ
std_1616495703185_1661,pw8i-4yrm
std_1616495704691_1662,iYRL-Q28g
std_1616495706198_1663,jhvo-igd9
std_1616495707704_1664,2qd7-nv6P
std_1616495709210_1665,BJXJ-wBnr
std_1616495710716_1666,962b-NLp9
std_1616495712223_1667,4jnC-7sjD
std_1616495713730_1668,4jVd-t7G8
std_1616495715235_1669,mErm-M2C4
std_1616495716742_1670,dgLp-zp6m
std_1616495718250_1671,dZtG-pwJG
std_1616495719755_1672,P46P-ARVa
std_1616495721261_1673,droN-Cg6d
std_1616495722768_1674,uCt6-Qdo3
std_1616495724275_1675,G7T9-zbm8
std_1616495725781_1676,VLUZ-4q6m
std_1616495727287_1677,8ed6-4u4t
std_1616495728793_1678,Zkwa-9JoT
std_1616495730301_1679,th3B-4T8s
std_1616495731806_1680,RvH7-xzom
std_1616495733312_1681,ic7Q-Yazs
std_1616495734819_1682,QLNo-Zzba
std_1616495736326_1683,7E3R-ADaU
std_1616495737832_1684,jige-4iwg
std_1616495739339_1685,6Qbu-r7wU
std_1616495740844_1686,vdK3-M73F
std_1616495742352_1687,6DAR-QyYM
std_1616495743857_1688,2o43-xiHr
std_1616495745364_1689,o6mx-6KuY
std_1616495746870_1690,Dhkd-u3M9
std_1616495748378_1691,Devc-i79U
std_1616495749883_1692,oZkE-uEaf
std_1616495751389_1693,aP43-9KDg
std_1616495752896_1694,uiVG-2bKr
std_1616495754402_1695,ik82-s7Br
std_1616495755909_1696,A896-q6Gz
std_1616495757416_1697,6wvs-aYLo
std_1616495758922_1698,A243-93K8
std_1616495760428_1699,2j3G-dUjE
std_1616495761934_1700,GYUp-rA72
std_1616495763442_1701,XT4s-E6Ey
std_1616495764949_1702,sF6P-zNA3
std_1616495766452_1703,2E7X-NRMD
std_1616495767959_1704,ukZ6-NTez
std_1616495769465_1705,j3xo-k9FK
std_1616495770972_1706,6kg4-xgXa
std_1616495772478_1707,zq2v-uw9o
std_1616495773984_1708,C37r-uqvA
std_1616495775490_1709,X979-DbQ2
std_1616495776998_1710,6U2m-jLi7
std_1616495778503_1711,m8Vy-oRf9
std_1616495780009_1712,ZPY6-MD72
std_1616495781516_1713,XHGL-26vk
std_1616495783024_1714,8U7M-PQX7
std_1616495784530_1715,N32y-Teic
std_1616495786037_1716,8JcE-7cYc
std_1616495787544_1717,n7VP-WXyT
std_1616495789051_1718,qD83-vXWQ
std_1616495790557_1719,s6F3-cjtj
std_1616495792064_1720,X38f-JaX3
std_1616495793569_1721,7HCB-KYwn
std_1616495795078_1722,y3wy-2mT9
std_1616495796584_1723,Y8p7-Y2p2
std_1616495798090_1724,4nNZ-xnYt
std_1616495799599_1725,wQ2h-BAa3
std_1616495801105_1726,zCkQ-KR4o
std_1616495802612_1727,N738-4Ny2
std_1616495804118_1728,hKC4-Bgui
std_1616495805625_1729,vAtn-8bZs
std_1616495807132_1730,r8s8-4tw6
std_1616495808638_1731,Nb2M-kpW9
std_1616495810146_1732,Dyj8-2aNm
std_1616495811653_1733,LCqU-Ty73
std_1616495813161_1734,sghE-Hio2
std_1616495814668_1735,M3Q4-6jm7
std_1616495816174_1736,Qu2u-jFLk
std_1616495817680_1737,z9xU-XHei
std_1616495819188_1738,U6YD-2DEQ
std_1616495820693_1739,AY79-7RN3
std_1616495822201_1740,egPK-BiaX
std_1616495823707_1741,jNs9-pT8G
std_1616495825216_1742,Ese2-jq6E
std_1616495826722_1743,VfXW-oEP7
std_1616495828231_1744,jhK3-Bu2F
std_1616495829738_1745,p6w2-B9po
std_1616495831245_1746,H74U-GZqo
std_1616495832752_1747,WrMA-hjqD
std_1616495834257_1748,et7r-Z3AX
std_1616495835767_1749,uJW3-86EM
std_1616495837274_1750,dge8-9Qoh
std_1616495838781_1751,3sNp-udQj
std_1616495840287_1752,9g3A-rea2
std_1616495841795_1753,nm7J-29b7
std_1616495843301_1754,g74v-387V
std_1616495844808_1755,b6ud-7P67
std_1616495846316_1756,gGq9-J49E
std_1616495847822_1757,DhVa-Wirt
std_1616495849331_1758,9VmZ-j98X
std_1616495850837_1759,gChk-rmpa
std_1616495852344_1760,4v3h-VEyZ
std_1616495853851_1761,pw8i-4yrm
std_1616495855358_1762,iYRL-Q28g
std_1616495856866_1763,jhvo-igd9
std_1616495858371_1764,2qd7-nv6P
std_1616495859880_1765,BJXJ-wBnr
std_1616495861386_1766,962b-NLp9
std_1616495862893_1767,4jnC-7sjD
std_1616495864399_1768,4jVd-t7G8
std_1616495865906_1769,mErm-M2C4
std_1616495867414_1770,dgLp-zp6m
std_1616495868919_1771,dZtG-pwJG
std_1616495870427_1772,P46P-ARVa
std_1616495871934_1773,droN-Cg6d
std_1616495873440_1774,uCt6-Qdo3
std_1616495874950_1775,G7T9-zbm8
std_1616495876456_1776,VLUZ-4q6m
std_1616495877964_1777,8ed6-4u4t
std_1616495879470_1778,Zkwa-9JoT
std_1616495880977_1779,th3B-4T8s
std_1616495882483_1780,RvH7-xzom
std_1616495883990_1781,ic7Q-Yazs
std_1616495885496_1782,QLNo-Zzba
std_1616495887002_1783,7E3R-ADaU
std_1616495888510_1784,jige-4iwg
std_1616495890019_1785,6Qbu-r7wU
std_1616495891524_1786,vdK3-M73F
std_1616495893031_1787,6DAR-QyYM
std_1616495894539_1788,2o43-xiHr
std_1616495896046_1789,o6mx-6KuY
std_1616495897551_1790,Dhkd-u3M9
std_1616495899058_1791,Devc-i79U
std_1616495900565_1792,oZkE-uEaf
std_1616495902072_1793,aP43-9KDg
std_1616495903589_1794,uiVG-2bKr
std_1616495905086_1795,ik82-s7Br
std_1616495906591_1796,A896-q6Gz
std_1616495908098_1797,6wvs-aYLo
std_1616495909604_1798,A243-93K8
std_1616495911111_1799,2j3G-dUjE
std_1616495912617_1800,GYUp-rA72
std_1616495914125_1801,XT4s-E6Ey
std_1616495915632_1802,sF6P-zNA3
std_1616495917138_1803,2E7X-NRMD
std_1616495918644_1804,ukZ6-NTez
std_1616495920150_1805,j3xo-k9FK
std_1616495921656_1806,6kg4-xgXa
std_1616495923164_1807,zq2v-uw9o
std_1616495924670_1808,C37r-uqvA
std_1616495926177_1809,X979-DbQ2
std_1616495927684_1810,6U2m-jLi7
std_1616495929193_1811,m8Vy-oRf9
std_1616495930700_1812,ZPY6-MD72
std_1616495932205_1813,XHGL-26vk
std_1616495933713_1814,8U7M-PQX7
std_1616495935218_1815,N32y-Teic
std_1616495936725_1816,8JcE-7cYc
std_1616495938232_1817,n7VP-WXyT
std_1616495939738_1818,qD83-vXWQ
std_1616495941244_1819,s6F3-cjtj
std_1616495942751_1820,X38f-JaX3
std_1616495944321_1821,7HCB-KYwn
std_1616495945829_1822,y3wy-2mT9
std_1616495947335_1823,Y8p7-Y2p2
std_1616495948841_1824,4nNZ-xnYt
std_1616495950348_1825,wQ2h-BAa3
std_1616495951855_1826,zCkQ-KR4o
std_1616495953362_1827,N738-4Ny2
std_1616495954869_1828,hKC4-Bgui
std_1616495956375_1829,vAtn-8bZs
std_1616495957882_1830,r8s8-4tw6
std_1616495959388_1831,Nb2M-kpW9
std_1616495960897_1832,Dyj8-2aNm
std_1616495962403_1833,LCqU-Ty73
std_1616495963909_1834,sghE-Hio2
std_1616495965415_1835,M3Q4-6jm7
std_1616495966921_1836,Qu2u-jFLk
std_1616495968428_1837,z9xU-XHei
std_1616495969935_1838,U6YD-2DEQ
std_1616495971441_1839,AY79-7RN3
std_1616495972947_1840,egPK-BiaX
std_1616495974454_1841,jNs9-pT8G
std_1616495975959_1842,Ese2-jq6E
std_1616495977466_1843,VfXW-oEP7
std_1616495978971_1844,jhK3-Bu2F
std_1616495980478_1845,p6w2-B9po
std_1616495981984_1846,H74U-GZqo
std_1616495983490_1847,WrMA-hjqD
std_1616495984996_1848,et7r-Z3AX
std_1616495986503_1849,uJW3-86EM
std_1616495988008_1850,dge8-9Qoh
std_1616495989514_1851,3sNp-udQj
std_1616495991021_1852,9g3A-rea2
std_1616495992527_1853,nm7J-29b7
std_1616495994033_1854,g74v-387V
std_1616495995539_1855,b6ud-7P67
std_1616495997045_1856,gGq9-J49E
std_1616495998551_1857,DhVa-Wirt
std_1616496000058_1858,9VmZ-j98X
std_1616496001565_1859,gChk-rmpa
std_1616496003071_1860,4v3h-VEyZ
std_1616496004578_1861,pw8i-4yrm
std_1616496006083_1862,iYRL-Q28g
std_1616496007589_1863,jhvo-igd9
std_1616496009095_1864,2qd7-nv6P
std_1616496010602_1865,BJXJ-wBnr
std_1616496012107_1866,962b-NLp9
std_1616496013614_1867,4jnC-7sjD
std_1616496015121_1868,4jVd-t7G8
std_1616496016626_1869,mErm-M2C4
std_1616496018133_1870,dgLp-zp6m
std_1616496019640_1871,dZtG-pwJG
std_1616496021147_1872,P46P-ARVa
std_1616496022653_1873,droN-Cg6d
std_1616496024159_1874,uCt6-Qdo3
std_1616496025666_1875,G7T9-zbm8
std_1616496027171_1876,VLUZ-4q6m
std_1616496028677_1877,8ed6-4u4t
std_1616496030184_1878,Zkwa-9JoT
std_1616496031690_1879,th3B-4T8s
std_1616496033196_1880,RvH7-xzom
std_1616496034702_1881,ic7Q-Yazs
std_1616496036208_1882,QLNo-Zzba
std_1616496037715_1883,7E3R-ADaU
std_1616496039220_1884,jige-4iwg
std_1616496040727_1885,6Qbu-r7wU
std_1616496042233_1886,vdK3-M73F
std_1616496043739_1887,6DAR-QyYM
std_1616496045245_1888,2o43-xiHr
std_1616496046752_1889,o6mx-6KuY
std_1616496048258_1890,Dhkd-u3M9
std_1616496049765_1891,Devc-i79U
std_1616496051270_1892,oZkE-uEaf
std_1616496052778_1893,aP43-9KDg
std_1616496054283_1894,uiVG-2bKr
std_1616496055790_1895,ik82-s7Br
std_1616496057296_1896,A896-q6Gz
std_1616496058802_1897,6wvs-aYLo
std_1616496060308_1898,A243-93K8
std_1616496061815_1899,2j3G-dUjE
std_1616496063320_1900,GYUp-rA72
std_1616496064826_1901,XT4s-E6Ey
std_1616496066332_1902,sF6P-zNA3
std_1616496067838_1903,2E7X-NRMD
std_1616496069344_1904,ukZ6-NTez
std_1616496070851_1905,j3xo-k9FK
std_1616496072357_1906,6kg4-xgXa
std_1616496073863_1907,zq2v-uw9o
std_1616496075369_1908,C37r-uqvA
std_1616496076876_1909,X979-DbQ2
std_1616496078382_1910,6U2m-jLi7
std_1616496079888_1911,m8Vy-oRf9
std_1616496081396_1912,ZPY6-MD72
std_1616496082901_1913,XHGL-26vk
std_1616496084406_1914,8U7M-PQX7
std_1616496085913_1915,N32y-Teic
std_1616496087420_1916,8JcE-7cYc
std_1616496088925_1917,n7VP-WXyT
std_1616496090432_1918,qD83-vXWQ
std_1616496091938_1919,s6F3-cjtj
std_1616496093445_1920,X38f-JaX3
std_1616496094951_1921,7HCB-KYwn
std_1616496096457_1922,y3wy-2mT9
std_1616496097965_1923,Y8p7-Y2p2
std_1616496099471_1924,4nNZ-xnYt
std_1616496100978_1925,wQ2h-BAa3
std_1616496102485_1926,zCkQ-KR4o
std_1616496103991_1927,N738-4Ny2
std_1616496105498_1928,hKC4-Bgui
std_1616496107003_1929,vAtn-8bZs
std_1616496108510_1930,r8s8-4tw6
std_1616496110018_1931,Nb2M-kpW9
std_1616496111523_1932,Dyj8-2aNm
std_1616496113031_1933,LCqU-Ty73
std_1616496114537_1934,sghE-Hio2
std_1616496116043_1935,M3Q4-6jm7
std_1616496117550_1936,Qu2u-jFLk
std_1616496119056_1937,z9xU-XHei
std_1616496120565_1938,U6YD-2DEQ
std_1616496122070_1939,AY79-7RN3
std_1616496123577_1940,egPK-BiaX
std_1616496125084_1941,jNs9-pT8G
std_1616496126589_1942,Ese2-jq6E
std_1616496128098_1943,VfXW-oEP7
std_1616496129605_1944,jhK3-Bu2F
std_1616496131112_1945,p6w2-B9po
std_1616496132617_1946,H74U-GZqo
std_1616496134124_1947,WrMA-hjqD
std_1616496135631_1948,et7r-Z3AX
std_1616496137137_1949,uJW3-86EM
std_1616496138644_1950,dge8-9Qoh
std_1616496140150_1951,3sNp-udQj
std_1616496141657_1952,9g3A-rea2
std_1616496143165_1953,nm7J-29b7
std_1616496144671_1954,g74v-387V
std_1616496146177_1955,b6ud-7P67
std_1616496147685_1956,gGq9-J49E
std_1616496149191_1957,DhVa-Wirt
std_1616496150698_1958,9VmZ-j98X
std_1616496152204_1959,gChk-rmpa
std_1616496153711_1960,4v3h-VEyZ
std_1616496155217_1961,pw8i-4yrm
std_1616496156724_1962,iYRL-Q28g
std_1616496158231_1963,jhvo-igd9
std_1616496159738_1964,2qd7-nv6P
std_1616496161245_1965,BJXJ-wBnr
std_1616496162753_1966,962b-NLp9
std_1616496164261_1967,4jnC-7sjD
std_1616496165767_1968,4jVd-t7G8
std_1616496167274_1969,mErm-M2C4
std_1616496168781_1970,dgLp-zp6m
std_1616496170288_1971,dZtG-pwJG
std_1616496171794_1972,P46P-ARVa
std_1616496173301_1973,droN-Cg6d
std_1616496174806_1974,uCt6-Qdo3
std_1616496176314_1975,G7T9-zbm8
std_1616496177820_1976,VLUZ-4q6m
std_1616496179326_1977,8ed6-4u4t
std_1616496180833_1978,Zkwa-9JoT
std_1616496182339_1979,th3B-4T8s
std_1616496183846_1980,RvH7-xzom
std_1616496185354_1981,ic7Q-Yazs
std_1616496186859_1982,QLNo-Zzba
std_1616496188367_1983,7E3R-ADaU
std_1616496189873_1984,jige-4iwg
std_1616496191380_1985,6Qbu-r7wU
std_1616496192891_1986,vdK3-M73F
std_1616496194394_1987,6DAR-QyYM
std_1616496195900_1988,2o43-xiHr
std_1616496197405_1989,o6mx-6KuY
std_1616496198912_1990,Dhkd-u3M9
std_1616496200419_1991,Devc-i79U
std_1616496201925_1992,oZkE-uEaf
std_1616496203433_1993,aP43-9KDg
std_1616496204938_1994,uiVG-2bKr
std_1616496206514_1995,ik82-s7Br
std_1616496208019_1996,A896-q6Gz
std_1616496209526_1997,6wvs-aYLo
std_1616496211032_1998,A243-93K8
std_1616496212539_1999,2j3G-dUjE
std_1616496214046_2000,GYUp-rA72