std_1607884398217_1,16ad9a38-e686-4e58-b661-31b83b93e524,tch_20201213-235944_1
std_1607884407994_2,2aaaf854-ac58-4b35-af40-7ce464bca63d,tch_20201213-235944_2
std_1607884349123_1,48918064-bf76-4501-a616-fb25e670f3fa,tch_20201213-235944_1
std_1607884359673_2,265d1189-5d3b-4ded-8fc3-4660fb650c3d,tch_20201213-235944_2
std_1607884436190_3,86d8ca02-6547-4d42-9750-de37d79d973f,tch_20201213-235944_3
std_1607884454761_4,ac7ef81e-f0a6-483c-b685-87f32946a9d6,tch_20201213-235944_4
std_1607884296504_1,060dd5ba-ab2a-402b-b46f-4106b9986ac0,tch_20201213-235944_1
std_1607884313123_2,f7cb9254-9de9-4e9b-9d76-dd0b32b5ce16,tch_20201213-235944_2
std_1607884383321_3,5ecf6b98-3a63-4250-b88c-5cdf6e9043bb,tch_20201213-235944_3
std_1607884474790_6,d91d66dc-4435-435f-9cc0-8892f03ade9f,tch_20201213-235944_6
std_1607884474456_5,6fee7811-4785-49c1-aef8-5f30a4ce121e,tch_20201213-235944_5
std_1607884262980_2,73ca231e-d081-42ea-a095-ce9b0cbb9a71,tch_20201213-235944_2
std_1607884408435_4,993178ef-634b-4466-b756-11b3afecbf3f,tch_20201213-235944_4
std_1607884244658_1,2397b094-47aa-410a-965d-ac5d2310d2e2,tch_20201213-235944_1
std_1607884332230_3,a8c29be0-f151-43e6-b5bc-4aaf884b0e7c,tch_20201213-235944_3
std_1607884430896_6,f4468b0c-8af2-46ef-b44a-407b1f5144fe,tch_20201213-235944_6
std_1607884423461_5,c9f1e877-60bd-4b38-b44c-22b8a0c7cabc,tch_20201213-235944_5
std_1607884358227_4,c7eb59c9-dfe4-4199-923b-e6471de9cd23,tch_20201213-235944_4
std_1607884282682_3,650e90c9-fbc1-4673-a25f-298ac6fb642d,tch_20201213-235944_3
std_1607884520850_8,fe0eeb1e-3bc2-4f77-88ed-eee6133d49da,tch_20201213-235944_8
std_1607884514776_7,77ade63d-b824-40ed-9360-d1fbdcba4bea,tch_20201213-235944_7
std_1607884388652_6,804d4e01-fde7-4066-ab00-2753ee778de6,tch_20201213-235944_6
std_1607884375688_5,8cee8cf0-306a-485e-a79d-f0f11c0b6dc6,tch_20201213-235944_5
std_1607884301464_4,ac85e28b-afc4-43c3-8899-32f2da5c3493,tch_20201213-235944_4
std_1607884473181_8,42b2a017-631e-4199-9c29-69881edd8bf2,tch_20201213-235944_8
std_1607884465308_7,30b8b7ed-b558-4201-8a7a-933b94c9194b,tch_20201213-235944_7
std_1607884342176_6,0367404f-ac43-43ee-a6ef-eace73fee060,tch_20201213-235944_6
std_1607884552260_9,e2997fd9-a103-423b-a7d5-d4cf130795c0,tch_20201213-235944_9
std_1607884323112_5,a216865e-f9f1-48d3-a36a-c496fe0275b8,tch_20201213-235944_5
std_1607884562712_10,3fb5e0b8-72ef-4c75-ac34-e7c3cda7bcb8,tch_20201213-235944_10
std_1607884420730_8,8ac2ad48-bd42-4918-8547-13ced5018233,tch_20201213-235944_8
std_1607884418541_7,a7a4898e-93f7-4911-8457-bdfb34bb7923,tch_20201213-235944_7
std_1607884501698_9,f28e0e88-b856-4043-a341-81da7d28bf0b,tch_20201213-235944_9
std_1607884520596_10,329844a3-9c16-495b-88b4-ee9052b95aa4,tch_20201213-235944_10
std_1607884595342_11,7dcb1f6d-241d-4eda-a9ee-5c3884dee0c1,tch_20201213-235944_11
std_1607884378009_8,9c468ec0-2a59-44b0-9159-f0419aa936d8,tch_20201213-235944_8
std_1607884363730_7,850fc624-a396-4b74-8bcc-a8e035c5818c,tch_20201213-235944_7
std_1607884450595_9,16d918e1-e7e3-4192-bb1e-d356ebca9139,tch_20201213-235944_9
std_1607884608935_12,7814c7b7-b43c-485f-8322-90c01a42562c,tch_20201213-235944_12
std_1607884468880_10,be674ba4-85a8-4aa1-ad83-5ba76a82f690,tch_20201213-235944_10
std_1607884546318_11,62962227-a6fc-42d4-b014-a4dec25fc036,tch_20201213-235944_11
std_1607884634724_13,9c63835f-c4d4-45de-ba51-6aeb0d504808,tch_20201213-235944_13
std_1607884404077_9,d922b7d1-2965-45c2-81c2-f0e08394579b,tch_20201213-235944_9
std_1607884559360_12,464343b3-bdd1-4789-bc52-d6f6b1b72d2f,tch_20201213-235944_12
std_1607884422648_10,d19c1a71-2fea-4942-ad4b-6c73d1afa1f5,tch_20201213-235944_10
std_1607884496955_11,a648fae5-896f-4d1f-82fa-63bde820d6dc,tch_20201213-235944_11
std_1607884585707_13,0786ef70-5a51-4112-a413-29a67f85b8dc,tch_20201213-235944_13
std_1607884656297_14,e1a11d60-86e5-4ac5-8ea4-69f2e1d8ebd2,tch_20201213-235944_14
std_1607884510814_12,cdd2f38c-9c7a-4800-a3f3-3ba595749383,tch_20201213-235944_12
std_1607884444541_11,8293e698-d492-4a84-98af-c937889ae598,tch_20201213-235944_11
std_1607884674603_15,82d9be06-c244-42c2-807e-f3f0d2145696,tch_20201213-235944_15
std_1607884534353_13,b9e34998-47e4-4148-89ab-edc358b7fddf,tch_20201213-235944_13
std_1607884603902_14,115f8a52-9497-4b4b-8dd8-536cfa353477,tch_20201213-235944_14
std_1607884461296_12,51255730-261e-4d53-8012-b3e0d71f248c,tch_20201213-235944_12
std_1607884694575_16,42cf5b39-0683-4cfb-b08e-d0181c64d9ee,tch_20201213-235944_16
std_1607884629910_15,a6a1c7da-03f7-4da9-9c57-451efb13f8ed,tch_20201213-235944_15
std_1607884551691_14,405b7858-ecf6-45ee-afa1-866f33687c04,tch_20201213-235944_14
std_1607884488338_13,9c6d8a7f-eec5-46b0-a2d3-9617287a2465,tch_20201213-235944_13
std_1607884711035_17,f116cf65-0758-44ff-a4c9-c8025be05cd5,tch_20201213-235944_17
std_1607884643813_16,6e26fc30-7d74-4061-9473-5d1432f9b4f9,tch_20201213-235944_16
std_1607884722330_18,3337ae11-e8a2-4013-8fca-8ae2059070db,tch_20201213-235944_18
std_1607884576802_15,3033c634-f72e-49e2-ac19-e94b3fb614ff,tch_20201213-235944_15
std_1607884505563_14,cf4eec81-8bb9-431d-9143-99403e790b68,tch_20201213-235944_14
std_1607884660833_17,1fe2cdc0-c4c2-42cc-aeb0-786d075d54a6,tch_20201213-235944_17
std_1607884597965_16,b7a89f9b-6644-473c-84ff-6f08776805c9,tch_20201213-235944_16
std_1607884746218_19,4032b4dc-ffe1-48db-87f1-1212a1901127,tch_20201213-235944_19
std_1607884674688_18,6b33483b-8138-4205-8b18-9c1fc57ba299,tch_20201213-235944_18
std_1607884523914_15,56361a45-c0df-487b-8992-48d431ad6be9,tch_20201213-235944_15
std_1607884614385_17,cacdb1bb-4ea0-4d83-9317-1d99aea2386b,tch_20201213-235944_17
std_1607884763269_20,15685c26-1a0d-4b59-8205-ef919a3ed2f7,tch_20201213-235944_20
std_1607884546082_16,48ec550d-467d-4b69-8262-7fed824aea6e,tch_20201213-235944_16
std_1607884700647_19,76093aa9-9b01-4433-a919-a230f1fd0c3e,tch_20201213-235944_19
std_1607884624177_18,24997909-2dd8-491b-93d0-367ae789895c,tch_20201213-235944_18
std_1607884563784_17,781c8304-a906-45f5-b453-0c1f3717acf3,tch_20201213-235944_17
std_1607884711190_20,3bf7d188-0da7-4876-8572-fe08ec79e91e,tch_20201213-235944_20
std_1607884796011_21,62f352b5-08ef-4edb-99dd-ccca2324f339,tch_20201213-235944_21
std_1607884652518_19,620a64bc-ce50-44cc-83ac-c7206ab01c70,tch_20201213-235944_19
std_1607884577870_18,e62c804b-615f-4b72-b4aa-4a0093437de7,tch_20201213-235944_18
std_1607884805070_22,9b392eaf-47bb-4c36-925f-bc66c8182a98,tch_20201213-235944_22
std_1607884661167_20,c2003207-3e9b-4ced-bbe8-f5805411f4e2,tch_20201213-235944_20
std_1607884746850_21,9e0e2ee7-bff3-4cfe-82e6-d285795abdd5,tch_20201213-235944_21
std_1607884600949_19,cffe3398-344d-4d0b-81eb-c1f3444c0be8,tch_20201213-235944_19
std_1607884756435_22,575a238f-35cb-411b-9e6a-c3d8d3d63514,tch_20201213-235944_22
std_1607884829408_23,f50baed6-2131-4e65-b8ec-b39a9d3f39bf,tch_20201213-235944_23
std_1607884619448_20,0ff04212-adeb-4dda-8d20-8e3a5d076ca5,tch_20201213-235944_20
std_1607884697246_21,d0222e10-8542-4371-b513-529cfd2b550e,tch_20201213-235944_21
std_1607884852421_24,fc3291b2-9adb-4f4d-90a3-74a61c3c66cb,tch_20201213-235944_24
std_1607884782435_23,f2c994e9-650a-405e-baf9-d1f833c5fda9,tch_20201213-235944_23
std_1607884711347_22,1581f38b-19c5-4a38-a2c7-5d4fde9d8c24,tch_20201213-235944_22
std_1607884640998_21,14e4235e-672d-493f-a6fd-2417d7cd1444,tch_20201213-235944_21
std_1607884876920_25,0d937d7f-f201-4426-bf00-9eb725a32382,tch_20201213-235944_25
std_1607884808032_24,e7fe9ca4-cb2f-495d-bed3-c3c65d88ce98,tch_20201213-235944_24
std_1607884727918_23,8415c40e-3342-4fb1-835a-45636d962d0a,tch_20201213-235944_23
std_1607884658269_22,a5641e57-eb43-4258-b622-6d099fe0ffd5,tch_20201213-235944_22
std_1607884901096_26,70e401b9-add0-4573-bf6b-6859537cf8a7,tch_20201213-235944_26
std_1607884825201_25,6dfb4795-0e2f-4ce3-9e77-8bd1ec54625d,tch_20201213-235944_25
std_1607884755007_24,d29eae5e-1758-4118-b025-f8320ab3d9b5,tch_20201213-235944_24
std_1607884680619_23,28ac58c6-3993-4ed8-bb59-395aa80cfcb7,tch_20201213-235944_23
std_1607884922671_27,d9a34619-2488-4622-aca3-7dd06a602ea4,tch_20201213-235944_27
std_1607884845556_26,63dde0e3-542c-4829-993a-e07629f0cbe2,tch_20201213-235944_26
std_1607884702851_24,f1045c17-567e-4117-8f59-130c779dc48f,tch_20201213-235944_24
std_1607884777434_25,297859a7-60d3-4269-835c-42a9cf4f79f9,tch_20201213-235944_25
std_1607884942858_28,21647db2-634c-435e-b408-52ef0108da4c,tch_20201213-235944_28
std_1607884870806_27,0300f4b8-ae2a-423d-a50b-5cd22cdee7bf,tch_20201213-235944_27
std_1607884949469_29,7f56bf72-7394-4ed6-af69-ef13f921a6c8,tch_20201213-235944_29
std_1607884792187_26,3b24aabb-adec-4e9f-8c7f-c0f8569c14bf,tch_20201213-235944_26
std_1607884956034_30,49a04ffa-9811-4a25-b0b1-f0509534f095,tch_20201213-235944_30
std_1607884720639_25,f4a01e7b-15f9-4fc7-9eb1-922b100eaba1,tch_20201213-235944_25
std_1607884891377_28,a2e3f7cf-4615-48e1-b80b-a35947d35b65,tch_20201213-235944_28
std_1607884822439_27,6dc4b063-dd61-4072-b819-7ed4fa74d59e,tch_20201213-235944_27
std_1607884898984_29,61ee17ec-1dae-498c-ba05-c5dbe3700bf4,tch_20201213-235944_29
std_1607884739605_26,67eda18a-6b5e-4298-a1f5-66e16eea0cc8,tch_20201213-235944_26
std_1607884913155_30,6887a0ea-bdb5-410f-bea7-ed81c5f80b63,tch_20201213-235944_30
std_1607884987870_31,ef31006f-3e8c-4a49-8548-28493bfa1a10,tch_20201213-235944_31
std_1607884844190_28,bf8accca-5ab6-47d7-8c55-bd68434fded0,tch_20201213-235944_28
std_1607884769373_27,86f5fea5-05d4-4a3f-8c69-fca056563b1c,tch_20201213-235944_27
std_1607884850841_29,e8e2e4bb-2bee-45ba-ba4f-640f25c7582f,tch_20201213-235944_29
std_1607885009586_32,b10fa0d0-a4bf-4337-840e-64830b7b91d0,tch_20201213-235944_32
std_1607884867447_30,5d75ae69-8616-4b8b-b228-636e5df3486e,tch_20201213-235944_30
std_1607884945196_31,f8d8210a-848a-41f7-9fcf-e579e94511bf,tch_20201213-235944_31
std_1607885023540_33,61fc8da5-7ef9-4a50-b089-716b08418147,tch_20201213-235944_33
std_1607884789358_28,f19ee0ca-36cb-4ff5-9033-355c91472312,tch_20201213-235944_28
std_1607884805127_29,aa3df73f-4b39-460a-95a4-0612fb0182f2,tch_20201213-235944_29
std_1607884823862_30,d6dc2f08-d9c0-47c2-b01f-9988e3c9fe15,tch_20201213-235944_30
std_1607884962333_32,9413ac15-098d-4c82-b7a4-cbed60d5b133,tch_20201213-235944_32
std_1607884896200_31,5de7552a-f5b7-4872-8f45-c68ef7fe299a,tch_20201213-235944_31
std_1607884974959_33,0ab107cf-2771-4e34-8b35-31016827f836,tch_20201213-235944_33
std_1607885055722_34,43f34406-0904-432d-9bf9-c3307863ccdd,tch_20201213-235944_34
std_1607884914185_32,b57ca497-900f-45be-9ba1-892dcf261065,tch_20201213-235944_32
std_1607884846530_31,36ec08e9-5117-41b5-b33c-305e7eb8f913,tch_20201213-235944_31
std_1607885072236_35,6b5f1d02-821d-47fe-acb6-922983a928bb,tch_20201213-235944_35
std_1607884925862_33,971b8804-440b-4dac-913c-b0ff6d8ee90f,tch_20201213-235944_33
std_1607885005005_34,439c57d8-65e9-4c45-9b78-a6c0d58b4a29,tch_20201213-235944_34
std_1607884863067_32,293ef81d-411a-45bc-b42c-ceef993aa094,tch_20201213-235944_32
std_1607885088771_36,b3b81d2d-6e65-4663-805f-23be3b24ece3,tch_20201213-235944_36
std_1607885105272_37,c8cbb05f-7124-4fae-8227-750e8f58a4be,tch_20201213-235944_37
std_1607885019687_35,892c6237-ac99-4976-905d-7ca9b56a8522,tch_20201213-235944_35
std_1607884880666_33,b4acc246-c705-467f-80e6-dda08cd39bcc,tch_20201213-235944_33
std_1607884957386_34,397f840f-f550-404f-b6ef-c7d8a047b862,tch_20201213-235944_34
std_1607885043282_36,9b89b44e-ca2c-4cd8-953f-92f145b74b79,tch_20201213-235944_36
std_1607885052901_37,bc190b98-6e01-476e-81a2-6ecd9ccc4e94,tch_20201213-235944_37
std_1607884973744_35,ca01d549-cfa5-4398-a8e5-1b997e9ad7dd,tch_20201213-235944_35
std_1607885132414_38,ceddcb98-3579-471c-af84-5cc36508fb44,tch_20201213-235944_38
std_1607884905434_34,8d42eb2a-0c54-4a35-ab84-16e01758d3ab,tch_20201213-235944_34
std_1607884990828_36,2a9cacbc-3298-4f83-a311-65e477dbdca6,tch_20201213-235944_36
std_1607885007857_37,a46e7874-9269-446c-991e-5b791b15da87,tch_20201213-235944_37
std_1607884925941_35,e05120f5-8c56-4c90-8e93-4330cb976d43,tch_20201213-235944_35
std_1607885151288_39,4ee86fbd-58b2-4d87-b32b-3e11001d99a6,tch_20201213-235944_39
std_1607885084161_38,71d4401d-2c60-4c33-b00f-9313fced6dc2,tch_20201213-235944_38
std_1607884939164_36,6fceebe8-24aa-4487-9e64-c041eaacf5d8,tch_20201213-235944_36
std_1607884962757_37,1f342f22-e80b-4d9f-b1e6-edc6e0527dc7,tch_20201213-235944_37
std_1607885099677_39,5bf10b77-9015-47ac-a9f6-e36429da3eed,tch_20201213-235944_39
std_1607885033254_38,d80584fc-ac07-4f75-8722-a67b00736467,tch_20201213-235944_38
std_1607885189908_40,a711f969-e862-4a9f-a058-1e8585c166d6,tch_20201213-235944_40
std_1607885196101_41,7dc3f2b0-5ffa-430d-9af4-6a5ded53d54c,tch_20201213-235944_41
std_1607885206574_42,9eb3e250-b77e-4fa7-88ee-d8c17f7a1fdb,tch_20201213-235944_42
std_1607885053451_39,c28f0017-a2ea-412a-a6bf-ff08354608d2,tch_20201213-235944_39
std_1607884987047_38,c81023d3-86d8-4664-854e-8f87f51fd495,tch_20201213-235944_38
std_1607885137130_40,3ef27eb8-2af8-42ea-af53-77e266bb4d60,tch_20201213-235944_40
std_1607885142821_41,f6fa2763-8fd7-44f7-9998-a51e369a7735,tch_20201213-235944_41
std_1607885160075_42,2a1e3fd9-9508-49c7-aa48-44d9a8d39e17,tch_20201213-235944_42
std_1607885002611_39,974fa6ff-d855-42d0-a4f6-49aa8fcef39e,tch_20201213-235944_39
std_1607885237073_43,39d6cc50-6f52-41c6-af22-85c1bf3de9aa,tch_20201213-235944_43
std_1607885082128_40,d5ffafe9-4aa5-4b4d-88cb-1518206ddb74,tch_20201213-235944_40
std_1607885093452_41,f0357b0d-2eb9-4e28-9ea0-b6d5e4feaaa8,tch_20201213-235944_41
std_1607885117892_42,a43d3a44-68e7-4127-8548-ad1ca599c0b4,tch_20201213-235944_42
std_1607885261654_44,d4dcfed9-3ef9-4ca2-b17c-eef1e6f777c5,tch_20201213-235944_44
std_1607885189891_43,26de2075-8ee5-42fb-98e6-eb5a7ff6decb,tch_20201213-235944_43
std_1607885028165_40,722c37f6-361a-44f7-a000-53d4a06e9c84,tch_20201213-235944_40
std_1607885043334_41,eb3fad83-6981-45bf-91aa-170db9fe9994,tch_20201213-235944_41
std_1607885269286_45,294b8646-04a6-468c-959c-c9546c36ba27,tch_20201213-235944_45
std_1607885064989_42,d853c583-8d43-4528-8e5b-abb43b1353a3,tch_20201213-235944_42
std_1607885212475_44,2e948e69-53be-472f-9d6e-8f1e8a7cbf77,tch_20201213-235944_44
std_1607885291294_46,19995efc-daf3-4e47-8a31-a967e458cfce,tch_20201213-235944_46
std_1607885137234_43,060bd2c8-e5ed-44dd-bde9-1dd8201fc444,tch_20201213-235944_43
std_1607885219458_45,8c61ecfe-dcd3-4681-8e90-8ea1be5ab4ee,tch_20201213-235944_45
std_1607885159929_44,b0563ed8-f532-4e59-9446-958bd8b4e1c4,tch_20201213-235944_44
std_1607885322703_47,1ddc7799-a768-4629-9c9b-0021a67bf669,tch_20201213-235944_47
std_1607885240508_46,55ea93a0-7582-4c5e-8d61-67ea0119bc43,tch_20201213-235944_46
std_1607885086563_43,07815241-cb62-4fef-a1d9-592dea8eb470,tch_20201213-235944_43
std_1607885170685_45,0678620e-b6bd-4b1f-844c-7fdffc08ca7c,tch_20201213-235944_45
std_1607885110010_44,ef16e93f-8d08-4ce8-8b90-795066daa299,tch_20201213-235944_44
std_1607885271673_47,7fe65255-1374-40ba-a7fb-ab840b9b8e12,tch_20201213-235944_47
std_1607885191318_46,f47c8fbc-abcb-40b9-9b5e-be0c414c0e9b,tch_20201213-235944_46
std_1607885347311_48,420c74f6-f1bd-4ea2-88a7-f554697e8691,tch_20201213-235944_48
std_1607885124786_45,4368e12a-58af-42fa-ae45-cbdf7fba9773,tch_20201213-235944_45
std_1607885350995_49,38cc4bbb-0919-458c-83b5-5f4c80f873b1,tch_20201213-235944_49
std_1607885219350_47,a915cfd7-7293-46a7-a124-4913507284bc,tch_20201213-235944_47
std_1607885145625_46,0c4bc7a8-3b83-4b46-bbe6-b4f8324ff0df,tch_20201213-235944_46
std_1607885375004_50,83958b8a-1211-441f-9577-9ede9aab3fdb,tch_20201213-235944_50
std_1607885292498_48,106e322e-d9b3-4029-96fb-b806b4f8454d,tch_20201213-235944_48
std_1607885305142_49,edc6d5da-aeeb-4daf-a659-540086ab4ec2,tch_20201213-235944_49
std_1607885391045_51,12010b9a-7e4f-4ec7-95a3-f8e27e53a0e8,tch_20201213-235944_51
std_1607885168081_47,a5d6d7ad-f910-42c5-9c81-a3275c7fa36c,tch_20201213-235944_47
std_1607885240511_48,b1caaa1c-5e66-4468-b81b-1cdb51934a57,tch_20201213-235944_48
std_1607885320288_50,80c13681-7103-4a25-b2ff-28029800c66e,tch_20201213-235944_50
std_1607885252951_49,f45bd987-1742-4372-a886-2b628b92d90b,tch_20201213-235944_49
std_1607885413053_52,4a75c203-94f8-4d18-bc9a-cb70a2ed2c25,tch_20201213-235944_52
std_1607885340484_51,0753dde5-3c7d-431d-8d17-e1cd0afa42eb,tch_20201213-235944_51
std_1607885186400_48,f3860e54-72f6-4040-a558-38e4c3f85b27,tch_20201213-235944_48
std_1607885275723_50,3047860e-3d6d-426c-be79-ebc086f9d233,tch_20201213-235944_50
std_1607885203635_49,77b9ae7d-f766-4222-9df9-a1987b910ac6,tch_20201213-235944_49
std_1607885433726_53,136e9976-9b27-400f-a448-8f84d383f318,tch_20201213-235944_53
std_1607885367159_52,060c7fe5-48c7-4fb6-a6fc-9a51d5d55698,tch_20201213-235944_52
std_1607885292172_51,11392cb3-2ca3-4760-9f35-87547b7134f9,tch_20201213-235944_51
std_1607885223770_50,8f6df475-5cdb-445b-92a2-68473871709f,tch_20201213-235944_50
std_1607885459618_54,69529373-83ea-4330-b695-5ccb15ef3641,tch_20201213-235944_54
std_1607885385283_53,9aaad528-17cb-49a2-b603-b90704c840df,tch_20201213-235944_53
std_1607885473719_55,5af8322c-d8df-4d05-955f-4a1622f846f0,tch_20201213-235944_55
std_1607885245734_51,fcd11177-d293-4bdd-b903-5519ebb98c22,tch_20201213-235944_51
std_1607885314410_52,cbc52339-3cbb-4eea-9b43-cc65beb80743,tch_20201213-235944_52
std_1607885486499_56,05c2a6db-7cdc-4c3f-aafd-700fdc4cfb5d,tch_20201213-235944_56
std_1607885407613_54,f589dc60-b720-410e-9a42-7fa5242cf93d,tch_20201213-235944_54
std_1607885336211_53,1dcd7a0a-e401-44f4-b500-f20dc171aa85,tch_20201213-235944_53
std_1607885424136_55,9d6299e3-8d03-4401-b041-6e33c1361294,tch_20201213-235944_55
std_1607885264404_52,5ee940a6-46e7-498b-85b9-90d901b9e760,tch_20201213-235944_52
std_1607885507193_57,91f04973-2ebb-47a8-9c3a-a9ad3bb315cb,tch_20201213-235944_57
std_1607885435188_56,74dd8c25-b658-45b6-ba6b-052cadd9b5ad,tch_20201213-235944_56
std_1607885355130_54,0aef8e9c-250f-4d14-9f83-ecb3138cb70b,tch_20201213-235944_54
std_1607885288483_53,ff521678-3f85-46e8-8f13-ec7c12f2ea97,tch_20201213-235944_53
std_1607885374794_55,9a8403aa-362f-47aa-9b41-67df111a9ccb,tch_20201213-235944_55
std_1607885460674_57,1e5b4d08-ad6c-4ac3-b5b4-eedba2b5aee7,tch_20201213-235944_57
std_1607885530210_58,bd607446-bd09-41e8-8b4d-5ba771b4c22e,tch_20201213-235944_58
std_1607885389950_56,617a0ab4-9118-43fe-9e30-89fbf2a8aee4,tch_20201213-235944_56
std_1607885305054_54,993e5561-c144-485e-98a6-f67ed0c20755,tch_20201213-235944_54
std_1607885325103_55,d6254e5c-7c69-454b-a006-08c0778aee0b,tch_20201213-235944_55
std_1607885558924_59,73d69a9f-e309-4180-baa0-c4d7cec04ddb,tch_20201213-235944_59
std_1607885415097_57,97147d4c-b09c-43f0-bdfc-4c830ca0e76a,tch_20201213-235944_57
std_1607885480184_58,b6a46a6a-66e4-4401-a922-bd78c8f45375,tch_20201213-235944_58
std_1607885346706_56,25bdfd0d-8c1a-43ff-be57-5a469b0b7028,tch_20201213-235944_56
std_1607885576184_60,d634fc00-0778-45b3-8297-7ab6751e9da5,tch_20201213-235944_60
std_1607885435946_58,8e27704f-218f-4771-b5d4-d4cc29570859,tch_20201213-235944_58
std_1607885366095_57,b74f1d43-da46-43ca-9d72-f7e3892e5dea,tch_20201213-235944_57
std_1607885510757_59,93c19c64-7ab7-4b22-87e6-f26d75b737d7,tch_20201213-235944_59
std_1607885592219_61,be70d404-9fd7-495f-8374-ff725f3d5cce,tch_20201213-235944_61
std_1607885528355_60,3f7a5157-fd7a-49af-bc94-b1e3d51e9193,tch_20201213-235944_60
std_1607885386525_58,5f33d0da-e4c1-448f-a3e6-3a299f5864e5,tch_20201213-235944_58
std_1607885615394_62,d3be8446-b765-495d-a7ef-e2bc6d0d1a90,tch_20201213-235944_62
std_1607885459457_59,a88e1a33-7566-47bd-8397-dad7a4cb7df9,tch_20201213-235944_59
std_1607885545147_61,43a9b434-e908-4d40-a3c3-4bee391c50f9,tch_20201213-235944_61
std_1607885478241_60,97fc7a11-2b2b-4d78-8593-0ec108d48faa,tch_20201213-235944_60
std_1607885409297_59,d50fed24-d8c8-490c-9172-181fcd7740e5,tch_20201213-235944_59
std_1607885568692_62,67a7d8cc-05e4-4887-afa9-25b8a6e99934,tch_20201213-235944_62
std_1607885634281_63,a289c6d9-09c8-4717-afb3-420e7448f8a6,tch_20201213-235944_63
std_1607885492539_61,52754bed-9aa4-44c3-a501-8c0508a8a311,tch_20201213-235944_61
std_1607885427506_60,6a05c16c-7d1b-47bf-919f-3db18a55a784,tch_20201213-235944_60
std_1607885584061_63,4e231c70-492f-4737-9290-56522bc89e08,tch_20201213-235944_63
std_1607885659850_64,3849ccb8-86c5-4c42-aad2-bd3083b561e9,tch_20201213-235944_64
std_1607885513881_62,69bbcb96-fdf4-4948-9106-ca60d452023f,tch_20201213-235944_62
std_1607885448843_61,00815f72-c1b7-4a70-9326-2d2c3a475923,tch_20201213-235944_61
std_1607885675522_65,9bf94392-b94f-47c4-a1c4-b4fb256d4a6c,tch_20201213-235944_65
std_1607885532578_63,0b5d0555-2265-4012-9de5-b9ec1c93641b,tch_20201213-235944_63
std_1607885467434_62,3ef3dc4a-7f6e-4595-9dac-35f9d0bfc164,tch_20201213-235944_62
std_1607885611030_64,524a48fc-dcba-4040-bb91-047718bd0a15,tch_20201213-235944_64
std_1607885696702_66,d56928db-d81b-40b3-9d62-9a125f0f20dd,tch_20201213-235944_66
std_1607885627478_65,5293ab34-8e64-4cb5-a058-698390915d04,tch_20201213-235944_65
std_1607885481651_63,aafc711d-4621-493a-b1cc-ea1f6f014abb,tch_20201213-235944_63
std_1607885715274_67,720a1917-4929-4d69-8344-a0256da7db98,tch_20201213-235944_67
std_1607885558613_64,12b624ae-3253-4b68-ab60-d9d841a2a05d,tch_20201213-235944_64
std_1607885653714_66,408a0a73-8519-4538-b634-da28b8544120,tch_20201213-235944_66
std_1607885576591_65,7301fd7b-0d5a-4e4e-b75d-bb24d4a4cc87,tch_20201213-235944_65
std_1607885666769_67,0e89b5b5-732f-487e-b06a-781b901adb83,tch_20201213-235944_67
std_1607885741790_68,1d031811-1306-4b49-ac5b-2fc6ddb7898b,tch_20201213-235944_68
std_1607885509660_64,01782c6c-1998-4907-b786-e4cf45fc44e7,tch_20201213-235944_64
std_1607885601536_66,6202eb0f-5415-4653-93c6-3e0eeac9d5a6,tch_20201213-235944_66
std_1607885524321_65,51ecab7b-9771-41b7-ada6-496cd5659ae3,tch_20201213-235944_65
std_1607885758124_69,9c965473-32e1-4b8a-bc92-69da34b0d09f,tch_20201213-235944_69
std_1607885616729_67,501ece30-9a0d-4cae-a633-efae741ad871,tch_20201213-235944_67
std_1607885693120_68,469ae739-7a0e-45a8-8884-0228ecd05129,tch_20201213-235944_68
std_1607885548934_66,6542f926-9472-4538-b7c6-8804f7131e8e,tch_20201213-235944_66
std_1607885781223_70,668f653d-1b4e-47c1-a5e2-73c441053614,tch_20201213-235944_70
std_1607885564281_67,92e7c29b-3e5b-4236-b84a-d0f06fb7b7f3,tch_20201213-235944_67
std_1607885708045_69,a70c18c0-0bcd-4d45-bbf0-7c90a7d1f94e,tch_20201213-235944_69
std_1607885792496_71,f613ab69-40c9-4e2c-b7a6-7a1f7b76d1fd,tch_20201213-235944_71
std_1607885641713_68,16c58614-cd9e-4435-8dbc-ee460638d680,tch_20201213-235944_68
std_1607885727663_70,0ff0ca53-5127-40be-a25e-cd47663b91cd,tch_20201213-235944_70
std_1607885816728_72,e056863c-b6a5-4568-b737-43cc594bccfd,tch_20201213-235944_72
std_1607885739652_71,407bbaaa-b8ac-43a7-8fa5-9c557ec2debd,tch_20201213-235944_71
std_1607885661903_69,77fa74bd-ccd2-4952-9e56-82ef5d636ee9,tch_20201213-235944_69
std_1607885588287_68,385e8fb5-ee64-47f1-a49c-a02d47639cfb,tch_20201213-235944_68
std_1607885677439_70,c28852de-f003-4d57-a272-71b254fc9337,tch_20201213-235944_70
std_1607885826224_73,63d67e39-26eb-4da4-98ed-e067eab66674,tch_20201213-235944_73
std_1607885764231_72,09388e07-a047-472c-a0da-446e6a3a5a00,tch_20201213-235944_72
std_1607885695613_71,4d7964dc-1d3a-42d5-b78a-3f517bec2d07,tch_20201213-235944_71
std_1607885611674_69,ce5c97e4-8731-4814-93c4-4539c8726cb6,tch_20201213-235944_69
std_1607885780355_73,e503cf49-8328-449b-9ca1-1492da27b3a2,tch_20201213-235944_73
std_1607885627544_70,2386f4c8-6b90-4af9-9b7b-7ff5048b2ed7,tch_20201213-235944_70
std_1607885857393_74,0da9bb5c-800c-4031-8d22-0d923797972d,tch_20201213-235944_74
std_1607885716933_72,bc43cba9-663a-407f-890b-f59a1cf71919,tch_20201213-235944_72
std_1607885645624_71,0cc6a56d-b98b-4273-b25d-d6098bfe4268,tch_20201213-235944_71
std_1607885729612_73,8cfb4d5a-cde6-442d-bbbf-13c0b235aa18,tch_20201213-235944_73
std_1607885879409_75,bedf531d-f1a4-4a46-b659-03d704a61a77,tch_20201213-235944_75
std_1607885811857_74,1d3ef9bb-87ff-4f3e-8c99-dd6fde2a1e0b,tch_20201213-235944_74
std_1607885668234_72,032b257e-9480-41e1-b9e4-ac2ca50ddfd4,tch_20201213-235944_72
std_1607885896753_76,8fa6349a-3042-497e-993a-8efea9aa76a2,tch_20201213-235944_76
std_1607885684848_73,154f1a77-583b-41b5-aab2-bf9dac5366bf,tch_20201213-235944_73
std_1607885760326_74,f8eaba57-8b48-476e-8b6a-4704388d3d0b,tch_20201213-235944_74
std_1607885833809_75,b245785f-227b-4ab7-85b8-1e05a3b69d08,tch_20201213-235944_75
std_1607885920279_77,25610ab4-e353-4aad-abe8-3dffdf020038,tch_20201213-235944_77
std_1607885850240_76,cbaae13c-1a99-4e6b-a92c-ad4f2629e410,tch_20201213-235944_76
std_1607885708042_74,a4930e52-d0bf-41d4-9cd5-99c9139d7291,tch_20201213-235944_74
std_1607885780355_75,32e45df5-d1be-4eb4-bcf8-5786351bb8ae,tch_20201213-235944_75
std_1607885941158_78,d11030cd-6f87-471f-8352-5ca2edd8a568,tch_20201213-235944_78
std_1607885863849_77,26e68a81-b090-431a-b4b3-63010a1defe9,tch_20201213-235944_77
std_1607885798037_76,647160f4-c7e1-42bd-9645-a5c6b2b1891c,tch_20201213-235944_76
std_1607885961657_79,fa464e6d-62ad-4352-9130-212bbad8e234,tch_20201213-235944_79
std_1607885732056_75,93d32959-00d3-486a-91c9-14f6f81de1fa,tch_20201213-235944_75
std_1607885972198_80,0ce29c7d-f84d-476c-b634-4c12ee83c0cc,tch_20201213-235944_80
std_1607885888991_78,ec42aa95-559e-4633-a296-740855809e86,tch_20201213-235944_78
std_1607885811900_77,340ff67c-b2d6-4e34-addc-5d89fefe4d58,tch_20201213-235944_77
std_1607885747514_76,8c273e25-c984-4777-9176-b9402c0d5924,tch_20201213-235944_76
std_1607885909426_79,5eaee5a4-1819-484b-9424-37f006d60f9b,tch_20201213-235944_79
std_1607885926353_80,28e07a52-a2eb-44fa-9ade-f3f6395159e1,tch_20201213-235944_80
std_1607885839130_78,03b8ccd8-451c-4c56-b890-89973a07cdf8,tch_20201213-235944_78
std_1607885766831_77,860d3104-01f6-42df-b206-27d74471b416,tch_20201213-235944_77
std_1607886004120_81,46ecee70-0f25-47cf-9ef1-b4be64586b4a,tch_20201213-235944_81
std_1607885859910_79,bcdec995-a9d2-43be-8c8c-d0fb9dced9a0,tch_20201213-235944_79
std_1607886015004_82,f35a9ed5-31aa-402d-8586-95a7cb52d7b5,tch_20201213-235944_82
std_1607885874347_80,992d121b-e6fb-41be-b8f6-6c03cd94ee86,tch_20201213-235944_80
std_1607886020411_83,11debfa9-16c0-49ad-9859-7aab23a249dc,tch_20201213-235944_83
std_1607885787102_78,42fd5f68-367a-4620-9587-574170969195,tch_20201213-235944_78
std_1607885955986_81,8a5b2a9b-d918-46b0-bc01-d32985edc794,tch_20201213-235944_81
std_1607885804052_79,25c93890-64fc-4f27-a3f6-0138f70ce2af,tch_20201213-235944_79
std_1607885966596_82,cb71f966-5494-4c10-af5b-6287be8afc6c,tch_20201213-235944_82
std_1607885974892_83,9f308449-2346-4104-b331-f43ea0cfd794,tch_20201213-235944_83
std_1607885825470_80,ac3531c4-3d42-406f-9e00-7bef1ff3108f,tch_20201213-235944_80
std_1607886051006_84,0943a3ee-3482-4f64-97a5-87527fa1f873,tch_20201213-235944_84
std_1607885906384_81,f6854e3e-c18b-4911-86ac-7b10891c7e20,tch_20201213-235944_81
std_1607885929978_83,f0ac6f58-47b0-4499-9bd1-4866207e3b64,tch_20201213-235944_83
std_1607885916762_82,216cc602-b5fd-497a-b27b-5fc0d56723c9,tch_20201213-235944_82
std_1607886004518_84,35223765-ec63-41d7-952d-e9b3108bc2b1,tch_20201213-235944_84
std_1607885854691_81,077dd008-e804-4959-aa07-8afd1e7db366,tch_20201213-235944_81
std_1607886080364_85,99d3cb86-5299-4a47-be85-4fb793e752a4,tch_20201213-235944_85
std_1607886098012_86,1b99ea17-8473-4293-a926-47c1b4af8304,tch_20201213-235944_86
std_1607885866070_82,e86ae5e7-2bb9-46b5-95c6-c7fb5801f413,tch_20201213-235944_82
std_1607885884598_83,a3920891-0205-4824-aa29-52f541ee34f6,tch_20201213-235944_83
std_1607885955048_84,56fc73ea-c80a-4156-8780-c653e3f4be63,tch_20201213-235944_84
std_1607886031439_85,6c0ec84a-63fe-436c-8241-a2c93f0d689b,tch_20201213-235944_85
std_1607886049984_86,660c4ef8-58ed-4b2c-8813-af31f0953a5f,tch_20201213-235944_86
std_1607886123756_88,3ec3647c-09db-46a4-9e44-15207c8f8cc0,tch_20201213-235944_88
std_1607886122066_87,29dd0050-122b-4968-a20e-e6a76cbdc05b,tch_20201213-235944_87
std_1607885906607_84,647beaff-9162-4264-a228-33e49206a50e,tch_20201213-235944_84
std_1607885978174_85,8856421d-d6bc-4843-b77f-7d50409bf6af,tch_20201213-235944_85
std_1607885998787_86,b88e10cf-265c-4cd3-abe3-6eed3e703e7b,tch_20201213-235944_86
std_1607886152410_89,76c17780-837b-4af5-abc2-122b14e5a391,tch_20201213-235944_89
std_1607886078936_88,042cd56e-39a6-4d8c-9dc1-8570afdec6db,tch_20201213-235944_88
std_1607886076720_87,fb25e3d0-7e2e-4bae-8609-4a3f3d4bee38,tch_20201213-235944_87
std_1607885928332_85,e76299e8-8493-48c4-818c-ad0e4645c6da,tch_20201213-235944_85
std_1607885951839_86,65df1237-74bb-41d6-bb41-6aeaf874ddff,tch_20201213-235944_86
std_1607886172690_90,1a885f49-2ec6-4725-a125-bce352233788,tch_20201213-235944_90
std_1607886102571_89,a06c5e84-d799-4830-9011-ef2158da234c,tch_20201213-235944_89
std_1607886031962_88,02f1db92-81f6-4e6b-a25d-2356d494564c,tch_20201213-235944_88
std_1607886022852_87,0ff56ac0-0ad0-4f87-bfd8-269b5ab04327,tch_20201213-235944_87
std_1607886121916_90,a80595d3-cb02-45e1-92d0-082cf76ba6b3,tch_20201213-235944_90
std_1607886205312_92,72d24b59-aeb6-4c4a-9ad7-2e0a0cb7a06c,tch_20201213-235944_92
std_1607886057547_89,89b9975f-b243-4862-bee2-f406386dcb2d,tch_20201213-235944_89
std_1607885983152_88,089bcace-d219-4b8d-af90-3cbc02eacdae,tch_20201213-235944_88
std_1607886199198_91,3e1a8c7e-d50e-4046-9f76-8c5fc003c527,tch_20201213-235944_91
std_1607885969854_87,8d674fd0-eef0-4453-8d8a-6d65ace6023d,tch_20201213-235944_87
std_1607886074660_90,148119fc-4fa6-4b9f-893f-1f839d4fadb8,tch_20201213-235944_90
std_1607886161052_92,80e8ade0-fac8-4e90-95e7-58ef26002e32,tch_20201213-235944_92
std_1607886148487_91,c810d288-9bd8-4fc1-a6f3-39ba831aa09f,tch_20201213-235944_91
std_1607886007939_89,0385a818-ea72-4882-98a5-67a40c32355f,tch_20201213-235944_89
std_1607886243718_93,b4c1575f-07b4-4a15-99a6-89eb3106733a,tch_20201213-235944_93
std_1607886247892_94,a5c0550a-a16e-4265-8149-05a8e1892c5f,tch_20201213-235944_94
std_1607886025896_90,5d5f431c-8370-496b-96c4-b7f2fbf6066a,tch_20201213-235944_90
std_1607886100393_91,f69d4f12-d3ad-4177-aeac-4f6bec68ea45,tch_20201213-235944_91
std_1607886114189_92,81c62d9c-c6e5-444c-816d-1e8b87de2243,tch_20201213-235944_92
std_1607886193470_93,197a1dc8-788e-4679-9965-1fa87c6ec980,tch_20201213-235944_93
std_1607886200777_94,0b4a3c21-ca0d-4ab8-8148-18c095989cf5,tch_20201213-235944_94
std_1607886068993_92,2173049f-f68f-405f-a9ba-95beaf7be4e9,tch_20201213-235944_92
std_1607886051222_91,8c9bece9-3404-4e09-82e9-6fa7ae248cc2,tch_20201213-235944_91
std_1607886281311_95,867428b0-cc7e-4344-9256-d56592f9b2d7,tch_20201213-235944_95
std_1607886141943_93,3dde5000-c506-449f-9247-686ddf7eff4d,tch_20201213-235944_93
std_1607886283888_96,89272b3a-bf1b-42c8-a796-89bdbc6e1c71,tch_20201213-235944_96
std_1607886154778_94,1448cc8e-2a45-4b47-94b9-593b9c5e83f6,tch_20201213-235944_94
std_1607886231837_95,5da91c04-9760-4c1b-87d9-4a1a7a2b02b9,tch_20201213-235944_95
std_1607886088983_93,35b03ce3-c94f-43ae-9508-ed17de8dd51c,tch_20201213-235944_93
std_1607886239974_96,942f9789-af74-4fcb-86bd-f8d643c5c607,tch_20201213-235944_96
std_1607886107189_94,27b187c9-2bfd-46d4-a6a1-b5d824fb91e1,tch_20201213-235944_94
std_1607886178121_95,4f32b917-8db0-416e-a8a6-3cda2d9978a1,tch_20201213-235944_95
std_1607886334486_97,74a65240-6350-42b1-af5c-6c683c9c6abc,tch_20201213-235944_97
std_1607886338897_98,1041c2bb-ddce-4af8-bf70-52a14b6ad948,tch_20201213-235944_98
std_1607886195815_96,414ce829-749d-4c67-a138-c565a12fbb20,tch_20201213-235944_96
std_1607886130849_95,87ea70f3-cd0b-4bee-84b5-9f9d09313a0e,tch_20201213-235944_95
std_1607886356293_99,c748c90c-f3f4-450a-aa9b-621b309456c8,tch_20201213-235944_99
std_1607886284984_97,7f774288-d5a6-4e61-85aa-6dd74452ed9f,tch_20201213-235944_97
std_1607886289410_98,3b14706d-206d-400f-a269-5fd7161fdb3e,tch_20201213-235944_98
std_1607886147790_96,1ca6d72c-9440-417d-92bc-65f1089f4025,tch_20201213-235944_96
std_1607886382430_100,caa9a281-18b5-4470-87b2-889f6689a7bc,tch_20201213-235944_100
std_1607886304507_99,5dd752c2-3012-4fe5-993c-94ea58399584,tch_20201213-235944_99
std_1607886232153_97,9e5cd7e9-e661-498f-8ed5-9b29a0e90709,tch_20201213-235944_97
std_1607886235937_98,90c564ca-303a-4f65-8bdb-92c71f4299a0,tch_20201213-235944_98
std_1607886262626_99,2760dc15-4eb3-4717-8a57-81c221d89ce8,tch_20201213-235944_99
std_1607886331546_100,69883553-2bdc-4112-a028-a7005a376e98,tch_20201213-235944_100
std_1607886173305_97,36d79c49-3a14-45ba-90c6-913080b4e7d6,tch_20201213-235944_97
std_1607886190652_98,eb9df728-455f-4850-befa-e30119df50ef,tch_20201213-235944_98
std_1607886284349_100,a0d1f785-53e9-4fcf-bc8c-2aa2f82c8a55,tch_20201213-235944_100
std_1607886213082_99,ac8c5817-66f7-4fc6-9e1e-141d440cef15,tch_20201213-235944_99
std_1607886229539_100,3459b436-63c4-4208-8657-7e05434f144f,tch_20201213-235944_100
