tch_20200702-191603_1,nrit-i6fZ
tch_20200702-191603_2,o3ju-7uMW
tch_20200702-191603_3,ehfM-2Pdk
tch_20200702-191603_4,s6e7-6WJ9
tch_20200702-191603_5,42VE-d3np
tch_20200702-191603_6,eTra-4UAs
tch_20200702-191603_7,83o8-tvV6
tch_20200702-191603_8,KQ4k-so7V
tch_20200702-191603_9,KY2q-VdZ6
tch_20200702-191603_10,89z4-ig3T
tch_20200702-191603_11,4Raq-Rz4o
tch_20200702-191603_12,YMNq-f2U7
tch_20200702-191603_13,n2pG-codv
tch_20200702-191603_14,CoRg-dPwM
tch_20200702-191603_15,4wtZ-7t2N
tch_20200702-191603_16,7q9s-PEhU
tch_20200702-191603_17,tKpe-KMm2
tch_20200702-191603_18,3NTi-jBN3
tch_20200702-191603_19,8bYk-Lgnm
tch_20200702-191603_20,rxr2-C6mv
tch_20200702-191603_21,9yBf-gZQr
tch_20200702-191603_22,ekB7-Eh8M
tch_20200702-191603_23,Dnz3-esyQ
tch_20200702-191603_24,zm2y-Z2Yw
tch_20200702-191603_25,p96j-Pom6
tch_20200702-191603_26,mies-UzUt
tch_20200702-191603_27,89F2-Ps4w
tch_20200702-191603_28,ZA4V-2rpk
tch_20200702-191603_29,uT3C-6GHr
tch_20200702-191603_30,HU8H-DAes
tch_20200702-191603_31,P8m3-68YM
tch_20200702-191603_32,R8MK-vBKV
tch_20200702-191603_33,K94y-2rg7
tch_20200702-191603_34,x6gf-4hLP
tch_20200702-191603_35,X7uy-sdDm
tch_20200702-191603_36,xM3A-oCB8
tch_20200702-191603_37,8jW6-Q3rT
tch_20200702-191603_38,PD78-J76k
tch_20200702-191603_39,37C8-vpy2
tch_20200702-191603_40,9RHs-2jyt
tch_20200702-191603_41,kVyG-bJyP
tch_20200702-191603_42,K3mh-tRZ8
tch_20200702-191603_43,DrRe-mz8m
tch_20200702-191603_44,7E6k-TxCQ
tch_20200702-191603_45,o6VJ-zaYh
tch_20200702-191603_46,6g38-n4rJ
tch_20200702-191603_47,w8H9-jxsj
tch_20200702-191603_48,u4wa-nGsG
tch_20200702-191603_49,m2U6-kZ3H
tch_20200702-191603_50,mUQ6-8Zby
tch_20200702-191603_51,23dL-iG3F
tch_20200702-191603_52,Zd2e-XhKc
tch_20200702-191603_53,HTzD-9ga2
tch_20200702-191603_54,2B29-8w4q
tch_20200702-191603_55,J4B6-jTg4
tch_20200702-191603_56,7GKE-4H4x
tch_20200702-191603_57,eEeb-hPCR
tch_20200702-191603_58,rKMh-WAUF
tch_20200702-191603_59,yVc8-W398
tch_20200702-191603_60,QZmn-4W93
tch_20200702-191603_61,6q9Z-9yD7
tch_20200702-191603_62,ujea-Wz3N
tch_20200702-191603_63,njty-tG9T
tch_20200702-191603_64,p7v7-UEYh
tch_20200702-191603_65,cMZN-m842
tch_20200702-191603_66,7t7J-s67c
tch_20200702-191603_67,f6j8-72yz
tch_20200702-191603_68,8Muh-tZ7e
tch_20200702-191603_69,9avg-ow9i
tch_20200702-191603_70,kTc2-XHuU
tch_20200702-191603_71,6xT8-KXci
tch_20200702-191603_72,ur8g-DKqk
tch_20200702-191603_73,4y7R-D6rR
tch_20200702-191603_74,govd-oGZh
tch_20200702-191603_75,6shy-vjWq
tch_20200702-191603_76,HnFt-v3Wh
tch_20200702-191603_77,92YU-j9kd
tch_20200702-191603_78,RYdY-74n8
tch_20200702-191603_79,4K4L-9y2J
tch_20200702-191603_80,aLtB-9r9Z
tch_20200702-191603_81,269a-V3Mx
tch_20200702-191603_82,vo9v-6mL3
tch_20200702-191603_83,Z86w-2TP2
tch_20200702-191603_84,3P28-9Nvb
tch_20200702-191603_85,h849-MtRH
tch_20200702-191603_86,KJix-L2Ku
tch_20200702-191603_87,wRcr-A6Lx
tch_20200702-191603_88,vV78-rnTV
tch_20200702-191603_89,vt3V-BRV6
tch_20200702-191603_90,sKVX-4p9M
tch_20200702-191603_91,m2oR-6Q47
tch_20200702-191603_92,Gw2n-3X6t
tch_20200702-191603_93,Hm7i-sVx2
tch_20200702-191603_94,8JUj-2X4X
tch_20200702-191603_95,R7D2-WJba
tch_20200702-191603_96,9478-t6tY
tch_20200702-191603_97,EK9E-JUy9
tch_20200702-191603_98,HQ7t-LNJk
tch_20200702-191603_99,49p3-7PVu
tch_20200702-191603_100,n2Ti-2J74
