tch_20200716-122345_2,b2bfca94-c731-11ea-89f8-0242ac110002,std_1594882683972_2,678d0081-00a0-4a44-9271-d45b4fdb6dfd
tch_20200716-122345_2,ad268908-c731-11ea-acee-0242ac110002,std_1594882674567_2,678d0081-00a0-4a44-9271-d45b4fdb6dfd
tch_20200716-122345_2,a8baf1c7-c731-11ea-acee-0242ac110002,std_1594882667124_2,678d0081-00a0-4a44-9271-d45b4fdb6dfd
tch_20200716-122345_1,b7bc7f00-c731-11ea-96b3-0242ac110002,std_1594882692056_1,8da146b0-726c-491f-b4b6-a7079e069671
tch_20200716-122345_2,a2985b31-c731-11ea-89f8-0242ac110002,std_1594882656818_2,678d0081-00a0-4a44-9271-d45b4fdb6dfd
tch_20200716-122345_1,b0be5540-c731-11ea-96b3-0242ac110002,std_1594882680589_1,8da146b0-726c-491f-b4b6-a7079e069671
tch_20200716-122345_4,b9436d04-c731-11ea-af23-0242ac110002,std_1594882694897_4,0091deb1-a9db-4c0f-9268-8d392e41599a
tch_20200716-122345_3,ba59bee3-c731-11ea-af23-0242ac110002,std_1594882696717_3,2c54d3f6-ba9c-46b6-bd19-69de976dd43a
tch_20200716-122345_2,9b7cbf2e-c731-11ea-96b3-0242ac110002,std_1594882644925_2,678d0081-00a0-4a44-9271-d45b4fdb6dfd
tch_20200716-122345_1,abd50259-c731-11ea-af23-0242ac110002,std_1594882672382_1,8da146b0-726c-491f-b4b6-a7079e069671
tch_20200716-122345_4,b46febc8-c731-11ea-acee-0242ac110002,std_1594882686795_4,0091deb1-a9db-4c0f-9268-8d392e41599a
tch_20200716-122345_3,b33dd4d7-c731-11ea-acee-0242ac110002,std_1594882684760_3,2c54d3f6-ba9c-46b6-bd19-69de976dd43a
tch_20200716-122345_1,a4d09752-c731-11ea-89f8-0242ac110002,std_1594882660564_1,8da146b0-726c-491f-b4b6-a7079e069671
tch_20200716-122345_4,ad42755e-c731-11ea-89f8-0242ac110002,std_1594882674763_4,0091deb1-a9db-4c0f-9268-8d392e41599a
tch_20200716-122345_3,ad9a5969-c731-11ea-96b3-0242ac110002,std_1594882675321_3,2c54d3f6-ba9c-46b6-bd19-69de976dd43a
tch_20200716-122345_1,9f3f6bcf-c731-11ea-96b3-0242ac110002,std_1594882651244_1,8da146b0-726c-491f-b4b6-a7079e069671
tch_20200716-122345_4,a8811d12-c731-11ea-89f8-0242ac110002,std_1594882666763_4,0091deb1-a9db-4c0f-9268-8d392e41599a
tch_20200716-122345_3,a8dbe730-c731-11ea-af23-0242ac110002,std_1594882667376_3,2c54d3f6-ba9c-46b6-bd19-69de976dd43a
tch_20200716-122345_4,a2c73350-c731-11ea-af23-0242ac110002,std_1594882657158_4,0091deb1-a9db-4c0f-9268-8d392e41599a
tch_20200716-122345_3,a38a5bdd-c731-11ea-89f8-0242ac110002,std_1594882658442_3,2c54d3f6-ba9c-46b6-bd19-69de976dd43a
tch_20200716-122345_2,964a2d8e-c731-11ea-89f8-0242ac110002,std_1594882636182_2,ba499928-d79c-4c68-821f-facc4acd2cb2
tch_20200716-122345_2,9078ec0d-c731-11ea-89f8-0242ac110002,std_1594882626426_2,ba499928-d79c-4c68-821f-facc4acd2cb2
tch_20200716-122345_1,9ab131ac-c731-11ea-89f8-0242ac110002,std_1594882643569_1,0eae7941-a7e4-4b34-86ef-6e3d3b106203
tch_20200716-122345_2,8b38c5f4-c731-11ea-acee-0242ac110002,std_1594882617630_2,ba499928-d79c-4c68-821f-facc4acd2cb2
tch_20200716-122345_4,9d8a1b5a-c731-11ea-acee-0242ac110002,std_1594882648385_4,11ba8f47-2ab6-42f9-aacc-14ab2b950413
tch_20200716-122345_1,95bc93df-c731-11ea-acee-0242ac110002,std_1594882635267_1,0eae7941-a7e4-4b34-86ef-6e3d3b106203
tch_20200716-122345_2,84cca3aa-c731-11ea-acee-0242ac110002,std_1594882606873_2,ba499928-d79c-4c68-821f-facc4acd2cb2
tch_20200716-122345_5,cb7a3456-c731-11ea-acee-0242ac110002,std_1594882725456_5,a812551d-6490-4eba-9eed-5f5ce01a1d20
tch_20200716-122345_3,9ebbe3fd-c731-11ea-96b3-0242ac110002,std_1594882650395_3,26d44148-eeb9-4eab-ab8a-61e7370ecb49
tch_20200716-122345_4,969826c9-c731-11ea-af23-0242ac110002,std_1594882636740_4,11ba8f47-2ab6-42f9-aacc-14ab2b950413
tch_20200716-122345_1,8ed2b5ef-c731-11ea-acee-0242ac110002,std_1594882623656_1,0eae7941-a7e4-4b34-86ef-6e3d3b106203
tch_20200716-122345_2,8028223a-c731-11ea-acee-0242ac110002,std_1594882599075_2,ba499928-d79c-4c68-821f-facc4acd2cb2
tch_20200716-122345_5,c4f1d7fa-c731-11ea-96b3-0242ac110002,std_1594882714498_5,a812551d-6490-4eba-9eed-5f5ce01a1d20
tch_20200716-122345_4,90e3e28b-c731-11ea-89f8-0242ac110002,std_1594882627154_4,11ba8f47-2ab6-42f9-aacc-14ab2b950413
tch_20200716-122345_3,980a7b32-c731-11ea-96b3-0242ac110002,std_1594882639146_3,26d44148-eeb9-4eab-ab8a-61e7370ecb49
tch_20200716-122345_1,88f4c981-c731-11ea-af23-0242ac110002,std_1594882613849_1,0eae7941-a7e4-4b34-86ef-6e3d3b106203
tch_20200716-122345_4,8c6a8fc2-c731-11ea-af23-0242ac110002,std_1594882619643_4,11ba8f47-2ab6-42f9-aacc-14ab2b950413
tch_20200716-122345_5,be26a564-c731-11ea-acee-0242ac110002,std_1594882703080_5,a812551d-6490-4eba-9eed-5f5ce01a1d20
tch_20200716-122345_3,9306e9f7-c731-11ea-acee-0242ac110002,std_1594882630733_3,26d44148-eeb9-4eab-ab8a-61e7370ecb49
tch_20200716-122345_1,845e7844-c731-11ea-96b3-0242ac110002,std_1594882606155_1,0eae7941-a7e4-4b34-86ef-6e3d3b106203
tch_20200716-122345_4,87db917b-c731-11ea-af23-0242ac110002,std_1594882611999_4,11ba8f47-2ab6-42f9-aacc-14ab2b950413
tch_20200716-122345_3,8ca5750d-c731-11ea-acee-0242ac110002,std_1594882620004_3,26d44148-eeb9-4eab-ab8a-61e7370ecb49
tch_20200716-122345_5,b9135cad-c731-11ea-89f8-0242ac110002,std_1594882694580_5,a812551d-6490-4eba-9eed-5f5ce01a1d20
tch_20200716-122345_2,7a6dc371-c731-11ea-acee-0242ac110002,std_1594882589479_2,e3becf15-fa02-46af-a48e-12760e49da15
tch_20200716-122345_3,860c9e06-c731-11ea-89f8-0242ac110002,std_1594882608939_3,26d44148-eeb9-4eab-ab8a-61e7370ecb49
tch_20200716-122345_5,b2cf8255-c731-11ea-89f8-0242ac110002,std_1594882684077_5,a812551d-6490-4eba-9eed-5f5ce01a1d20
tch_20200716-122345_6,d1926aec-c731-11ea-af23-0242ac110002,std_1594882735676_6,3b377d95-04eb-439f-a4f7-484ed3ade27b
tch_20200716-122345_2,74324dde-c731-11ea-89f8-0242ac110002,std_1594882578997_2,e3becf15-fa02-46af-a48e-12760e49da15
tch_20200716-122345_6,cb0d1b9f-c731-11ea-96b3-0242ac110002,std_1594882724748_6,3b377d95-04eb-439f-a4f7-484ed3ade27b
tch_20200716-122345_1,7de70b0f-c731-11ea-acee-0242ac110002,std_1594882595311_1,30490aeb-777a-42a7-ac34-38aa8278c5dd
tch_20200716-122345_2,6dbfc316-c731-11ea-89f8-0242ac110002,std_1594882568171_2,e3becf15-fa02-46af-a48e-12760e49da15
tch_20200716-122345_4,810d03d7-c731-11ea-89f8-0242ac110002,std_1594882600579_4,4d980bcc-f00a-489b-b342-4011da70c080
tch_20200716-122345_7,d7c4431a-c731-11ea-acee-0242ac110002,std_1594882746084_7,8b06db54-1f79-4b2a-a389-a38efe9d43ea
tch_20200716-122345_6,c5219aa5-c731-11ea-acee-0242ac110002,std_1594882714803_6,3b377d95-04eb-439f-a4f7-484ed3ade27b
tch_20200716-122345_1,773c0b90-c731-11ea-96b3-0242ac110002,std_1594882584117_1,30490aeb-777a-42a7-ac34-38aa8278c5dd
tch_20200716-122345_4,7c1cd351-c731-11ea-96b3-0242ac110002,std_1594882592306_4,4d980bcc-f00a-489b-b342-4011da70c080
tch_20200716-122345_2,67b87cde-c731-11ea-acee-0242ac110002,std_1594882558100_2,e3becf15-fa02-46af-a48e-12760e49da15
tch_20200716-122345_7,d20d194b-c731-11ea-acee-0242ac110002,std_1594882736474_7,8b06db54-1f79-4b2a-a389-a38efe9d43ea
tch_20200716-122345_3,801954c1-c731-11ea-89f8-0242ac110002,std_1594882598985_3,06ba743a-d2d1-459a-8a84-100d2c818847
tch_20200716-122345_6,bfb2277c-c731-11ea-89f8-0242ac110002,std_1594882705678_6,3b377d95-04eb-439f-a4f7-484ed3ade27b
tch_20200716-122345_1,71a2c8d8-c731-11ea-af23-0242ac110002,std_1594882574728_1,30490aeb-777a-42a7-ac34-38aa8278c5dd
tch_20200716-122345_5,ac0c8d3e-c731-11ea-89f8-0242ac110002,std_1594882672714_5,89011e12-c9e7-44a3-baa0-330db5b26990
tch_20200716-122345_2,6084eb4b-c731-11ea-af23-0242ac110002,std_1594882545999_2,e3becf15-fa02-46af-a48e-12760e49da15
tch_20200716-122345_7,cb45423a-c731-11ea-89f8-0242ac110002,std_1594882725117_7,8b06db54-1f79-4b2a-a389-a38efe9d43ea
tch_20200716-122345_4,76aac79a-c731-11ea-96b3-0242ac110002,std_1594882583153_4,4d980bcc-f00a-489b-b342-4011da70c080
tch_20200716-122345_3,7b839fc1-c731-11ea-af23-0242ac110002,std_1594882591286_3,06ba743a-d2d1-459a-8a84-100d2c818847
tch_20200716-122345_6,b9d23f5a-c731-11ea-acee-0242ac110002,std_1594882695853_6,3b377d95-04eb-439f-a4f7-484ed3ade27b
tch_20200716-122345_1,6c63b4ae-c731-11ea-af23-0242ac110002,std_1594882565913_1,30490aeb-777a-42a7-ac34-38aa8278c5dd
tch_20200716-122345_5,a60c4c7e-c731-11ea-acee-0242ac110002,std_1594882662594_5,89011e12-c9e7-44a3-baa0-330db5b26990
tch_20200716-122345_7,c60b0fd2-c731-11ea-acee-0242ac110002,std_1594882716334_7,8b06db54-1f79-4b2a-a389-a38efe9d43ea
tch_20200716-122345_4,7185f25b-c731-11ea-96b3-0242ac110002,std_1594882574525_4,4d980bcc-f00a-489b-b342-4011da70c080
tch_20200716-122345_3,757cf604-c731-11ea-af23-0242ac110002,std_1594882581180_3,06ba743a-d2d1-459a-8a84-100d2c818847
tch_20200716-122345_1,65eeb8c8-c731-11ea-89f8-0242ac110002,std_1594882555074_1,30490aeb-777a-42a7-ac34-38aa8278c5dd
tch_20200716-122345_5,9f257af3-c731-11ea-89f8-0242ac110002,std_1594882651047_5,89011e12-c9e7-44a3-baa0-330db5b26990
tch_20200716-122345_4,6c280bc3-c731-11ea-89f8-0242ac110002,std_1594882565520_4,4d980bcc-f00a-489b-b342-4011da70c080
tch_20200716-122345_7,bf475821-c731-11ea-89f8-0242ac110002,std_1594882704986_7,8b06db54-1f79-4b2a-a389-a38efe9d43ea
tch_20200716-122345_3,708d1354-c731-11ea-af23-0242ac110002,std_1594882572892_3,06ba743a-d2d1-459a-8a84-100d2c818847
tch_20200716-122345_5,99fdbf61-c731-11ea-acee-0242ac110002,std_1594882642418_5,89011e12-c9e7-44a3-baa0-330db5b26990
tch_20200716-122345_3,6a4ac098-c731-11ea-89f8-0242ac110002,std_1594882562339_3,06ba743a-d2d1-459a-8a84-100d2c818847
tch_20200716-122345_9,e14fce12-c731-11ea-89f8-0242ac110002,std_1594882762105_9,bc3d4c1c-806b-4ca8-931e-40c4c1f6dc5b
tch_20200716-122345_6,b332d7fd-c731-11ea-89f8-0242ac110002,std_1594882684693_6,c3f0fdab-21df-4ffd-a270-2c281a186745
tch_20200716-122345_5,9346ffd7-c731-11ea-96b3-0242ac110002,std_1594882631159_5,89011e12-c9e7-44a3-baa0-330db5b26990
tch_20200716-122345_2,5b3ef956-c731-11ea-96b3-0242ac110002,std_1594882537159_2,a949a9b7-cc59-4dc5-b993-0a94b016fd94
tch_20200716-122345_9,da0161e1-c731-11ea-96b3-0242ac110002,std_1594882749834_9,bc3d4c1c-806b-4ca8-931e-40c4c1f6dc5b
tch_20200716-122345_6,ad3afb37-c731-11ea-af23-0242ac110002,std_1594882674721_6,c3f0fdab-21df-4ffd-a270-2c281a186745
tch_20200716-122345_1,602343e7-c731-11ea-af23-0242ac110002,std_1594882545375_1,0b6b140b-ec5c-41d2-bb90-0e4e98b92a9b
tch_20200716-122345_2,54d03e8a-c731-11ea-af23-0242ac110002,std_1594882526345_2,a949a9b7-cc59-4dc5-b993-0a94b016fd94
tch_20200716-122345_8,e4d9df16-c731-11ea-acee-0242ac110002,std_1594882768013_8,5a02d7d1-4c99-4e5c-b8f0-ec56f94aadc1
tch_20200716-122345_9,d2f8b189-c731-11ea-acee-0242ac110002,std_1594882738034_9,bc3d4c1c-806b-4ca8-931e-40c4c1f6dc5b
tch_20200716-122345_6,a7ee04a0-c731-11ea-acee-0242ac110002,std_1594882665803_6,c3f0fdab-21df-4ffd-a270-2c281a186745
tch_20200716-122345_4,664defe7-c731-11ea-96b3-0242ac110002,std_1594882555712_4,693c2a62-c662-4042-872a-df221d4b1e1b
tch_20200716-122345_1,58f13890-c731-11ea-96b3-0242ac110002,std_1594882533298_1,0b6b140b-ec5c-41d2-bb90-0e4e98b92a9b
tch_20200716-122345_8,df341a2e-c731-11ea-89f8-0242ac110002,std_1594882758541_8,5a02d7d1-4c99-4e5c-b8f0-ec56f94aadc1
tch_20200716-122345_2,4dafe763-c731-11ea-89f8-0242ac110002,std_1594882514380_2,a949a9b7-cc59-4dc5-b993-0a94b016fd94
tch_20200716-122345_7,b8a9ec37-c731-11ea-96b3-0242ac110002,std_1594882693883_7,46f72a24-a7f6-416f-a3d7-40cdf0aff829
tch_20200716-122345_9,cd145ce1-c731-11ea-89f8-0242ac110002,std_1594882728141_9,bc3d4c1c-806b-4ca8-931e-40c4c1f6dc5b
tch_20200716-122345_6,a170caca-c731-11ea-acee-0242ac110002,std_1594882654933_6,c3f0fdab-21df-4ffd-a270-2c281a186745
tch_20200716-122345_4,5f81abc1-c731-11ea-89f8-0242ac110002,std_1594882544297_4,693c2a62-c662-4042-872a-df221d4b1e1b
tch_20200716-122345_1,527f22d3-c731-11ea-acee-0242ac110002,std_1594882522477_1,0b6b140b-ec5c-41d2-bb90-0e4e98b92a9b
tch_20200716-122345_8,d8453382-c731-11ea-89f8-0242ac110002,std_1594882746922_8,5a02d7d1-4c99-4e5c-b8f0-ec56f94aadc1
tch_20200716-122345_2,49384240-c731-11ea-89f8-0242ac110002,std_1594882506889_2,a949a9b7-cc59-4dc5-b993-0a94b016fd94
tch_20200716-122345_3,6354fb7f-c731-11ea-af23-0242ac110002,std_1594882550712_3,14ee9e44-6c5c-4a8f-803a-b4bbde45b2cb
tch_20200716-122345_7,b2df60ca-c731-11ea-af23-0242ac110002,std_1594882684182_7,46f72a24-a7f6-416f-a3d7-40cdf0aff829
tch_20200716-122345_9,c753e3da-c731-11ea-96b3-0242ac110002,std_1594882718507_9,bc3d4c1c-806b-4ca8-931e-40c4c1f6dc5b
tch_20200716-122345_6,9c439171-c731-11ea-96b3-0242ac110002,std_1594882646234_6,c3f0fdab-21df-4ffd-a270-2c281a186745
tch_20200716-122345_5,8d66ca11-c731-11ea-89f8-0242ac110002,std_1594882621302_5,f974fc38-8baf-4874-af4c-6b4c59d42f1e
tch_20200716-122345_4,59b83209-c731-11ea-af23-0242ac110002,std_1594882534577_4,693c2a62-c662-4042-872a-df221d4b1e1b
tch_20200716-122345_1,4b5f8f52-c731-11ea-acee-0242ac110002,std_1594882510511_1,0b6b140b-ec5c-41d2-bb90-0e4e98b92a9b
tch_20200716-122345_2,41df4ef0-c731-11ea-acee-0242ac110002,std_1594882494233_2,a949a9b7-cc59-4dc5-b993-0a94b016fd94
tch_20200716-122345_8,d3036024-c731-11ea-96b3-0242ac110002,std_1594882738026_8,5a02d7d1-4c99-4e5c-b8f0-ec56f94aadc1
tch_20200716-122345_3,5de3db0f-c731-11ea-af23-0242ac110002,std_1594882541568_3,14ee9e44-6c5c-4a8f-803a-b4bbde45b2cb
tch_20200716-122345_7,ada68e96-c731-11ea-96b3-0242ac110002,std_1594882675410_7,46f72a24-a7f6-416f-a3d7-40cdf0aff829
tch_20200716-122345_5,87d72456-c731-11ea-89f8-0242ac110002,std_1594882611967_5,f974fc38-8baf-4874-af4c-6b4c59d42f1e
tch_20200716-122345_4,54f5c835-c731-11ea-af23-0242ac110002,std_1594882526607_4,693c2a62-c662-4042-872a-df221d4b1e1b
tch_20200716-122345_10,ec9712c1-c731-11ea-96b3-0242ac110002,std_1594882781001_10,13bb3704-09fa-4209-b138-764fc6b74e7c
tch_20200716-122345_1,453f428f-c731-11ea-af23-0242ac110002,std_1594882499918_1,0b6b140b-ec5c-41d2-bb90-0e4e98b92a9b
tch_20200716-122345_8,cc459b80-c731-11ea-89f8-0242ac110002,std_1594882726781_8,5a02d7d1-4c99-4e5c-b8f0-ec56f94aadc1
tch_20200716-122345_3,569bfdde-c731-11ea-acee-0242ac110002,std_1594882529346_3,14ee9e44-6c5c-4a8f-803a-b4bbde45b2cb
tch_20200716-122345_7,a880a6fc-c731-11ea-96b3-0242ac110002,std_1594882666755_7,46f72a24-a7f6-416f-a3d7-40cdf0aff829
tch_20200716-122345_5,8272604f-c731-11ea-acee-0242ac110002,std_1594882602923_5,f974fc38-8baf-4874-af4c-6b4c59d42f1e
tch_20200716-122345_4,4f12853a-c731-11ea-af23-0242ac110002,std_1594882516407_4,693c2a62-c662-4042-872a-df221d4b1e1b
tch_20200716-122345_10,e577f3f0-c731-11ea-acee-0242ac110002,std_1594882769056_10,13bb3704-09fa-4209-b138-764fc6b74e7c
tch_20200716-122345_7,a2e457ee-c731-11ea-acee-0242ac110002,std_1594882657350_7,46f72a24-a7f6-416f-a3d7-40cdf0aff829
tch_20200716-122345_5,7cfb4bc4-c731-11ea-96b3-0242ac110002,std_1594882593750_5,f974fc38-8baf-4874-af4c-6b4c59d42f1e
tch_20200716-122345_3,51bce485-c731-11ea-acee-0242ac110002,std_1594882521173_3,14ee9e44-6c5c-4a8f-803a-b4bbde45b2cb
tch_20200716-122345_10,e0bb2f51-c731-11ea-89f8-0242ac110002,std_1594882761107_10,13bb3704-09fa-4209-b138-764fc6b74e7c
tch_20200716-122345_6,95e0e43a-c731-11ea-96b3-0242ac110002,std_1594882635530_6,075b4392-a4fe-4405-a35b-f011660f8242
tch_20200716-122345_3,4cf94231-c731-11ea-96b3-0242ac110002,std_1594882512901_3,14ee9e44-6c5c-4a8f-803a-b4bbde45b2cb
tch_20200716-122345_5,77fc2753-c731-11ea-acee-0242ac110002,std_1594882585349_5,f974fc38-8baf-4874-af4c-6b4c59d42f1e
tch_20200716-122345_9,c1e88f20-c731-11ea-acee-0242ac110002,std_1594882709372_9,783d336c-235d-413e-a35b-6f50c9e864bd
tch_20200716-122345_10,d9f3cd64-c731-11ea-89f8-0242ac110002,std_1594882749757_10,13bb3704-09fa-4209-b138-764fc6b74e7c
tch_20200716-122345_6,8fd5cdf1-c731-11ea-af23-0242ac110002,std_1594882625339_6,075b4392-a4fe-4405-a35b-f011660f8242
tch_20200716-122345_11,f44181cf-c731-11ea-89f8-0242ac110002,std_1594882793858_11,ceeb27c6-231e-419c-b6a6-2567a089122b
tch_20200716-122345_9,bbabe18b-c731-11ea-89f8-0242ac110002,std_1594882698938_9,783d336c-235d-413e-a35b-6f50c9e864bd
tch_20200716-122345_8,c524a7f6-c731-11ea-acee-0242ac110002,std_1594882714835_8,7ba50986-c46d-4849-b6a4-6f57cb3268ab
tch_20200716-122345_10,d545d5a8-c731-11ea-96b3-0242ac110002,std_1594882741876_10,13bb3704-09fa-4209-b138-764fc6b74e7c
tch_20200716-122345_6,89913023-c731-11ea-acee-0242ac110002,std_1594882614868_6,075b4392-a4fe-4405-a35b-f011660f8242
tch_20200716-122345_11,ef0e7b42-c731-11ea-89f8-0242ac110002,std_1594882785125_11,ceeb27c6-231e-419c-b6a6-2567a089122b
tch_20200716-122345_9,b51cf4a9-c731-11ea-af23-0242ac110002,std_1594882687926_9,783d336c-235d-413e-a35b-6f50c9e864bd
tch_20200716-122345_8,beabdaa8-c731-11ea-acee-0242ac110002,std_1594882703984_8,7ba50986-c46d-4849-b6a4-6f57cb3268ab
tch_20200716-122345_7,9c42f49f-c731-11ea-af23-0242ac110002,std_1594882646218_7,ff4ecc9b-47d0-4384-9dcf-b59ccb179c20
tch_20200716-122345_11,e8e1fa99-c731-11ea-af23-0242ac110002,std_1594882774803_11,ceeb27c6-231e-419c-b6a6-2567a089122b
tch_20200716-122345_6,82fd61dd-c731-11ea-89f8-0242ac110002,std_1594882603807_6,075b4392-a4fe-4405-a35b-f011660f8242
tch_20200716-122345_12,fa7ad439-c731-11ea-96b3-0242ac110002,std_1594882804260_12,cd1ebf9c-1258-470d-85ee-3a6072144720
tch_20200716-122345_9,af7e34f0-c731-11ea-96b3-0242ac110002,std_1594882678501_9,783d336c-235d-413e-a35b-6f50c9e864bd
tch_20200716-122345_8,b99731fc-c731-11ea-af23-0242ac110002,std_1594882695452_8,7ba50986-c46d-4849-b6a4-6f57cb3268ab
tch_20200716-122345_5,71bc44b4-c731-11ea-89f8-0242ac110002,std_1594882574838_5,d0860e6a-0d0f-4ef2-97c1-b83ea5538d56
tch_20200716-122345_7,97486433-c731-11ea-96b3-0242ac110002,std_1594882637878_7,ff4ecc9b-47d0-4384-9dcf-b59ccb179c20
tch_20200716-122345_6,7d705505-c731-11ea-af23-0242ac110002,std_1594882594494_6,075b4392-a4fe-4405-a35b-f011660f8242
tch_20200716-122345_12,f5fee982-c731-11ea-96b3-0242ac110002,std_1594882796776_12,cd1ebf9c-1258-470d-85ee-3a6072144720
tch_20200716-122345_11,e2fd3002-c731-11ea-af23-0242ac110002,std_1594882764912_11,ceeb27c6-231e-419c-b6a6-2567a089122b
tch_20200716-122345_9,aa9d9391-c731-11ea-89f8-0242ac110002,std_1594882670284_9,783d336c-235d-413e-a35b-6f50c9e864bd
tch_20200716-122345_8,b24a9a98-c731-11ea-af23-0242ac110002,std_1594882683192_8,7ba50986-c46d-4849-b6a4-6f57cb3268ab
tch_20200716-122345_5,6cbc3595-c731-11ea-af23-0242ac110002,std_1594882566492_5,d0860e6a-0d0f-4ef2-97c1-b83ea5538d56
tch_20200716-122345_7,9254fe58-c731-11ea-96b3-0242ac110002,std_1594882629557_7,ff4ecc9b-47d0-4384-9dcf-b59ccb179c20
tch_20200716-122345_13,fd0bdfd0-c731-11ea-acee-0242ac110002,std_1594882808585_13,654ca9b5-a33e-4b6d-9226-b6e10bc70b54
tch_20200716-122345_11,dbb4deb3-c731-11ea-acee-0242ac110002,std_1594882752699_11,ceeb27c6-231e-419c-b6a6-2567a089122b
tch_20200716-122345_12,f07ead2f-c731-11ea-89f8-0242ac110002,std_1594882787561_12,cd1ebf9c-1258-470d-85ee-3a6072144720
tch_20200716-122345_10,ce19226c-c731-11ea-acee-0242ac110002,std_1594882729836_10,a2d8d365-e243-4752-8d3d-25a1234194b7
tch_20200716-122345_8,aaf9964e-c731-11ea-af23-0242ac110002,std_1594882670937_8,7ba50986-c46d-4849-b6a4-6f57cb3268ab
tch_20200716-122345_5,664defb6-c731-11ea-acee-0242ac110002,std_1594882555717_5,d0860e6a-0d0f-4ef2-97c1-b83ea5538d56
tch_20200716-122345_7,8b68d6f2-c731-11ea-96b3-0242ac110002,std_1594882617935_7,ff4ecc9b-47d0-4384-9dcf-b59ccb179c20
tch_20200716-122345_13,f87fa039-c731-11ea-89f8-0242ac110002,std_1594882800996_13,654ca9b5-a33e-4b6d-9226-b6e10bc70b54
tch_20200716-122345_10,c83590d8-c731-11ea-acee-0242ac110002,std_1594882719989_10,a2d8d365-e243-4752-8d3d-25a1234194b7
tch_20200716-122345_12,e9908a2d-c731-11ea-89f8-0242ac110002,std_1594882775859_12,cd1ebf9c-1258-470d-85ee-3a6072144720
tch_20200716-122345_5,60973b41-c731-11ea-96b3-0242ac110002,std_1594882546117_5,d0860e6a-0d0f-4ef2-97c1-b83ea5538d56
tch_20200716-122345_13,f370eb2f-c731-11ea-96b3-0242ac110002,std_1594882792526_13,654ca9b5-a33e-4b6d-9226-b6e10bc70b54
tch_20200716-122345_7,86b6e7df-c731-11ea-89f8-0242ac110002,std_1594882610089_7,ff4ecc9b-47d0-4384-9dcf-b59ccb179c20
tch_20200716-122345_10,c2aaf552-c731-11ea-acee-0242ac110002,std_1594882710654_10,a2d8d365-e243-4752-8d3d-25a1234194b7
tch_20200716-122345_9,a62c307e-c731-11ea-af23-0242ac110002,std_1594882662859_9,ba87f67b-5388-497d-95c0-15f84dac6f2d
tch_20200716-122345_12,e4f1ad7e-c731-11ea-89f8-0242ac110002,std_1594882768082_12,cd1ebf9c-1258-470d-85ee-3a6072144720
tch_20200716-122345_5,5a154697-c731-11ea-acee-0242ac110002,std_1594882534911_5,d0860e6a-0d0f-4ef2-97c1-b83ea5538d56
tch_20200716-122345_13,ee048572-c731-11ea-af23-0242ac110002,std_1594882783413_13,654ca9b5-a33e-4b6d-9226-b6e10bc70b54
tch_20200716-122345_6,7634385c-c731-11ea-96b3-0242ac110002,std_1594882582379_6,d302b066-b401-4f2e-999f-dc8b6be79919
tch_20200716-122345_9,a1720352-c731-11ea-acee-0242ac110002,std_1594882654888_9,ba87f67b-5388-497d-95c0-15f84dac6f2d
tch_20200716-122345_10,bcb22e17-c731-11ea-96b3-0242ac110002,std_1594882700644_10,a2d8d365-e243-4752-8d3d-25a1234194b7
tch_20200716-122345_11,d45533fd-c731-11ea-af23-0242ac110002,std_1594882740313_11,97d12639-c860-4f56-aaa5-b6389826d10e
tch_20200716-122345_13,e78f6277-c731-11ea-af23-0242ac110002,std_1594882772481_13,654ca9b5-a33e-4b6d-9226-b6e10bc70b54
tch_20200716-122345_6,71ac6638-c731-11ea-acee-0242ac110002,std_1594882574794_6,d302b066-b401-4f2e-999f-dc8b6be79919
tch_20200716-122345_9,9ce21b72-c731-11ea-acee-0242ac110002,std_1594882647223_9,ba87f67b-5388-497d-95c0-15f84dac6f2d
tch_20200716-122345_10,b74c584d-c731-11ea-96b3-0242ac110002,std_1594882691605_10,a2d8d365-e243-4752-8d3d-25a1234194b7
tch_20200716-122345_11,cf875912-c731-11ea-96b3-0242ac110002,std_1594882732261_11,97d12639-c860-4f56-aaa5-b6389826d10e
tch_20200716-122345_8,a5a30363-c731-11ea-af23-0242ac110002,std_1594882661985_8,6a97ad1f-62a8-47a9-8b12-5db88097d2ab
tch_20200716-122345_9,975c3a01-c731-11ea-af23-0242ac110002,std_1594882638018_9,ba87f67b-5388-497d-95c0-15f84dac6f2d
tch_20200716-122345_6,6ca181df-c731-11ea-acee-0242ac110002,std_1594882566322_6,d302b066-b401-4f2e-999f-dc8b6be79919
tch_20200716-122345_11,cafd15d8-c731-11ea-96b3-0242ac110002,std_1594882724651_11,97d12639-c860-4f56-aaa5-b6389826d10e
tch_20200716-122345_8,9f08565f-c731-11ea-af23-0242ac110002,std_1594882650896_8,6a97ad1f-62a8-47a9-8b12-5db88097d2ab
tch_20200716-122345_7,7f619e04-c731-11ea-96b3-0242ac110002,std_1594882597776_7,9d2f3643-8c80-41a3-983a-e0b70ff85855
tch_20200716-122345_14,0a5276c5-c732-11ea-af23-0242ac110002,std_1594882830896_14,d7f23bd8-d274-400f-b521-b3e19456cb75
tch_20200716-122345_9,9181d060-c731-11ea-acee-0242ac110002,std_1594882628197_9,ba87f67b-5388-497d-95c0-15f84dac6f2d
tch_20200716-122345_6,65d69d5f-c731-11ea-96b3-0242ac110002,std_1594882554926_6,d302b066-b401-4f2e-999f-dc8b6be79919
tch_20200716-122345_8,97cf9528-c731-11ea-af23-0242ac110002,std_1594882638785_8,6a97ad1f-62a8-47a9-8b12-5db88097d2ab
tch_20200716-122345_7,7a2a2b02-c731-11ea-96b3-0242ac110002,std_1594882589041_7,9d2f3643-8c80-41a3-983a-e0b70ff85855
tch_20200716-122345_11,c42ab6eb-c731-11ea-96b3-0242ac110002,std_1594882713172_11,97d12639-c860-4f56-aaa5-b6389826d10e
tch_20200716-122345_14,05568617-c732-11ea-96b3-0242ac110002,std_1594882822544_14,d7f23bd8-d274-400f-b521-b3e19456cb75
tch_20200716-122345_6,5fad76ff-c731-11ea-89f8-0242ac110002,std_1594882544274_6,d302b066-b401-4f2e-999f-dc8b6be79919
tch_20200716-122345_13,e1813e80-c731-11ea-acee-0242ac110002,std_1594882762406_13,862bce50-ae22-4a42-913e-765790366719
tch_20200716-122345_12,dde63de3-c731-11ea-96b3-0242ac110002,std_1594882756379_12,8622c5c0-c672-44de-8b70-351459e38281
tch_20200716-122345_8,9269e5eb-c731-11ea-af23-0242ac110002,std_1594882629719_8,6a97ad1f-62a8-47a9-8b12-5db88097d2ab
tch_20200716-122345_7,73a6d6d3-c731-11ea-af23-0242ac110002,std_1594882578100_7,9d2f3643-8c80-41a3-983a-e0b70ff85855
tch_20200716-122345_11,bf139d48-c731-11ea-af23-0242ac110002,std_1594882704631_11,97d12639-c860-4f56-aaa5-b6389826d10e
tch_20200716-122345_14,fe465b31-c731-11ea-96b3-0242ac110002,std_1594882810082_14,d7f23bd8-d274-400f-b521-b3e19456cb75
tch_20200716-122345_10,b02aef43-c731-11ea-af23-0242ac110002,std_1594882679613_10,931d6a3a-72c8-4aed-92a4-bf34343d1248
tch_20200716-122345_13,db4505c2-c731-11ea-89f8-0242ac110002,std_1594882751933_13,862bce50-ae22-4a42-913e-765790366719
tch_20200716-122345_12,d72f08b5-c731-11ea-89f8-0242ac110002,std_1594882745024_12,8622c5c0-c672-44de-8b70-351459e38281
tch_20200716-122345_15,0d86edb8-c732-11ea-89f8-0242ac110002,std_1594882836279_15,76c83b80-a3b8-4d93-96b5-7942afe7787f
tch_20200716-122345_8,8c569233-c731-11ea-af23-0242ac110002,std_1594882619514_8,6a97ad1f-62a8-47a9-8b12-5db88097d2ab
tch_20200716-122345_7,6d8503bd-c731-11ea-af23-0242ac110002,std_1594882567748_7,9d2f3643-8c80-41a3-983a-e0b70ff85855
tch_20200716-122345_14,f89fac27-c731-11ea-96b3-0242ac110002,std_1594882801165_14,d7f23bd8-d274-400f-b521-b3e19456cb75
tch_20200716-122345_10,ab8ed23e-c731-11ea-af23-0242ac110002,std_1594882671911_10,931d6a3a-72c8-4aed-92a4-bf34343d1248
tch_20200716-122345_13,d5c5db66-c731-11ea-af23-0242ac110002,std_1594882742722_13,862bce50-ae22-4a42-913e-765790366719
tch_20200716-122345_12,d195c5d9-c731-11ea-acee-0242ac110002,std_1594882735700_12,8622c5c0-c672-44de-8b70-351459e38281
tch_20200716-122345_15,0766c7db-c732-11ea-af23-0242ac110002,std_1594882826005_15,76c83b80-a3b8-4d93-96b5-7942afe7787f
tch_20200716-122345_7,67663de4-c731-11ea-96b3-0242ac110002,std_1594882557260_7,9d2f3643-8c80-41a3-983a-e0b70ff85855
tch_20200716-122345_10,a5fa4aa3-c731-11ea-af23-0242ac110002,std_1594882662564_10,931d6a3a-72c8-4aed-92a4-bf34343d1248
tch_20200716-122345_14,f1c2ecd7-c731-11ea-acee-0242ac110002,std_1594882789669_14,d7f23bd8-d274-400f-b521-b3e19456cb75
tch_20200716-122345_13,cf28e4b6-c731-11ea-96b3-0242ac110002,std_1594882731622_13,862bce50-ae22-4a42-913e-765790366719
tch_20200716-122345_12,ca6ac117-c731-11ea-af23-0242ac110002,std_1594882723622_12,8622c5c0-c672-44de-8b70-351459e38281
tch_20200716-122345_9,8c119a44-c731-11ea-89f8-0242ac110002,std_1594882619032_9,db899832-50f8-494f-a216-5847dbd36f69
tch_20200716-122345_15,00fbdecc-c732-11ea-96b3-0242ac110002,std_1594882815246_15,76c83b80-a3b8-4d93-96b5-7942afe7787f
tch_20200716-122345_10,9ee564d1-c731-11ea-af23-0242ac110002,std_1594882650617_10,931d6a3a-72c8-4aed-92a4-bf34343d1248
tch_20200716-122345_13,c7ee27e9-c731-11ea-89f8-0242ac110002,std_1594882719517_13,862bce50-ae22-4a42-913e-765790366719
tch_20200716-122345_12,c5371df1-c731-11ea-acee-0242ac110002,std_1594882714940_12,8622c5c0-c672-44de-8b70-351459e38281
tch_20200716-122345_9,868ec5f2-c731-11ea-89f8-0242ac110002,std_1594882609813_9,db899832-50f8-494f-a216-5847dbd36f69
tch_20200716-122345_15,fb6c602f-c731-11ea-acee-0242ac110002,std_1594882805884_15,76c83b80-a3b8-4d93-96b5-7942afe7787f
tch_20200716-122345_10,98c9acab-c731-11ea-acee-0242ac110002,std_1594882640390_10,931d6a3a-72c8-4aed-92a4-bf34343d1248
tch_20200716-122345_11,b85710e0-c731-11ea-96b3-0242ac110002,std_1594882693350_11,f6f1a154-e283-448c-b52e-41ffb9463d6e
tch_20200716-122345_8,872b7b0d-c731-11ea-96b3-0242ac110002,std_1594882610833_8,c42a6aac-0f5c-4a2b-bbef-0e70bc19a12b
tch_20200716-122345_9,81ecdc0e-c731-11ea-acee-0242ac110002,std_1594882602042_9,db899832-50f8-494f-a216-5847dbd36f69
tch_20200716-122345_15,f5fe262b-c731-11ea-af23-0242ac110002,std_1594882796753_15,76c83b80-a3b8-4d93-96b5-7942afe7787f
tch_20200716-122345_11,b36be92c-c731-11ea-acee-0242ac110002,std_1594882685100_11,f6f1a154-e283-448c-b52e-41ffb9463d6e
tch_20200716-122345_8,80061ae4-c731-11ea-acee-0242ac110002,std_1594882598793_8,c42a6aac-0f5c-4a2b-bbef-0e70bc19a12b
tch_20200716-122345_9,7c31ba18-c731-11ea-af23-0242ac110002,std_1594882592437_9,db899832-50f8-494f-a216-5847dbd36f69
tch_20200716-122345_11,ae71cd95-c731-11ea-acee-0242ac110002,std_1594882676744_11,f6f1a154-e283-448c-b52e-41ffb9463d6e
tch_20200716-122345_14,eaefa456-c731-11ea-af23-0242ac110002,std_1594882778230_14,1a072367-ef80-4426-8ddd-a572348439e2
tch_20200716-122345_8,7a6cd8ca-c731-11ea-96b3-0242ac110002,std_1594882589451_8,c42a6aac-0f5c-4a2b-bbef-0e70bc19a12b
tch_20200716-122345_9,757bbe05-c731-11ea-96b3-0242ac110002,std_1594882580888_9,db899832-50f8-494f-a216-5847dbd36f69
tch_20200716-122345_12,c01bbf03-c731-11ea-af23-0242ac110002,std_1594882706374_12,5dbbb9f3-f74a-487c-b11e-0cdcb4dc0967
tch_20200716-122345_11,a8356dd0-c731-11ea-af23-0242ac110002,std_1594882666272_11,f6f1a154-e283-448c-b52e-41ffb9463d6e
tch_20200716-122345_13,c120d252-c731-11ea-89f8-0242ac110002,std_1594882708079_13,e7213dd6-35f7-4896-81a3-6f149bb47760
tch_20200716-122345_16,1bc7c2da-c732-11ea-96b3-0242ac110002,std_1594882860177_16,b1751225-aa19-44c2-a00d-08d3959eff1b
tch_20200716-122345_14,e609d422-c731-11ea-af23-0242ac110002,std_1594882770040_14,1a072367-ef80-4426-8ddd-a572348439e2
tch_20200716-122345_8,7405e64d-c731-11ea-89f8-0242ac110002,std_1594882578707_8,c42a6aac-0f5c-4a2b-bbef-0e70bc19a12b
tch_20200716-122345_12,b9fde30b-c731-11ea-96b3-0242ac110002,std_1594882696139_12,5dbbb9f3-f74a-487c-b11e-0cdcb4dc0967
tch_20200716-122345_13,bb55f8c4-c731-11ea-89f8-0242ac110002,std_1594882698363_13,e7213dd6-35f7-4896-81a3-6f149bb47760
tch_20200716-122345_10,91b7388b-c731-11ea-acee-0242ac110002,std_1594882628475_10,70ccd3c7-731a-4772-9669-a00e825fc8b1
tch_20200716-122345_11,a27457e2-c731-11ea-96b3-0242ac110002,std_1594882656611_11,f6f1a154-e283-448c-b52e-41ffb9463d6e
tch_20200716-122345_16,16d45e48-c732-11ea-96b3-0242ac110002,std_1594882851862_16,b1751225-aa19-44c2-a00d-08d3959eff1b
tch_20200716-122345_8,6d12e0ec-c731-11ea-96b3-0242ac110002,std_1594882566747_8,c42a6aac-0f5c-4a2b-bbef-0e70bc19a12b
tch_20200716-122345_14,ded7a270-c731-11ea-af23-0242ac110002,std_1594882757923_14,1a072367-ef80-4426-8ddd-a572348439e2
tch_20200716-122345_17,1d2cf84e-c732-11ea-af23-0242ac110002,std_1594882862536_17,4b63c9f7-0b63-4fa6-8bb0-43f8092447aa
tch_20200716-122345_12,b3dd221b-c731-11ea-96b3-0242ac110002,std_1594882685826_12,5dbbb9f3-f74a-487c-b11e-0cdcb4dc0967
tch_20200716-122345_15,f0e955a5-c731-11ea-acee-0242ac110002,std_1594882788257_15,1476467c-3c24-4f9a-b9e7-22b607270484
tch_20200716-122345_13,b66bbb84-c731-11ea-96b3-0242ac110002,std_1594882690107_13,e7213dd6-35f7-4896-81a3-6f149bb47760
tch_20200716-122345_16,10434e02-c732-11ea-af23-0242ac110002,std_1594882840870_16,b1751225-aa19-44c2-a00d-08d3959eff1b
tch_20200716-122345_10,8c35005b-c731-11ea-96b3-0242ac110002,std_1594882619231_10,70ccd3c7-731a-4772-9669-a00e825fc8b1
tch_20200716-122345_17,16c82967-c732-11ea-89f8-0242ac110002,std_1594882851497_17,4b63c9f7-0b63-4fa6-8bb0-43f8092447aa
tch_20200716-122345_14,da3961aa-c731-11ea-acee-0242ac110002,std_1594882750194_14,1a072367-ef80-4426-8ddd-a572348439e2
tch_20200716-122345_12,aef8b0a0-c731-11ea-96b3-0242ac110002,std_1594882677619_12,5dbbb9f3-f74a-487c-b11e-0cdcb4dc0967
tch_20200716-122345_15,e9a0686e-c731-11ea-acee-0242ac110002,std_1594882776030_15,1476467c-3c24-4f9a-b9e7-22b607270484
tch_20200716-122345_16,096aaf03-c732-11ea-acee-0242ac110002,std_1594882829357_16,b1751225-aa19-44c2-a00d-08d3959eff1b
tch_20200716-122345_10,86f35409-c731-11ea-89f8-0242ac110002,std_1594882610505_10,70ccd3c7-731a-4772-9669-a00e825fc8b1
tch_20200716-122345_13,b0e23126-c731-11ea-96b3-0242ac110002,std_1594882680787_13,e7213dd6-35f7-4896-81a3-6f149bb47760
tch_20200716-122345_14,d3036027-c731-11ea-96b3-0242ac110002,std_1594882738030_14,1a072367-ef80-4426-8ddd-a572348439e2
tch_20200716-122345_17,10818fe1-c732-11ea-96b3-0242ac110002,std_1594882841279_17,4b63c9f7-0b63-4fa6-8bb0-43f8092447aa
tch_20200716-122345_12,a9b4933e-c731-11ea-89f8-0242ac110002,std_1594882668767_12,5dbbb9f3-f74a-487c-b11e-0cdcb4dc0967
tch_20200716-122345_10,824dc126-c731-11ea-96b3-0242ac110002,std_1594882602692_10,70ccd3c7-731a-4772-9669-a00e825fc8b1
tch_20200716-122345_16,027bef30-c732-11ea-89f8-0242ac110002,std_1594882817656_16,b1751225-aa19-44c2-a00d-08d3959eff1b
tch_20200716-122345_15,e4f1d43b-c731-11ea-acee-0242ac110002,std_1594882768096_15,1476467c-3c24-4f9a-b9e7-22b607270484
tch_20200716-122345_17,0bff63a1-c732-11ea-96b3-0242ac110002,std_1594882833700_17,4b63c9f7-0b63-4fa6-8bb0-43f8092447aa
tch_20200716-122345_13,ab3392c9-c731-11ea-96b3-0242ac110002,std_1594882671265_13,e7213dd6-35f7-4896-81a3-6f149bb47760
tch_20200716-122345_15,df9bb54b-c731-11ea-acee-0242ac110002,std_1594882759235_15,1476467c-3c24-4f9a-b9e7-22b607270484
tch_20200716-122345_10,7cddb16d-c731-11ea-96b3-0242ac110002,std_1594882593256_10,70ccd3c7-731a-4772-9669-a00e825fc8b1
tch_20200716-122345_17,060fc359-c732-11ea-89f8-0242ac110002,std_1594882823716_17,4b63c9f7-0b63-4fa6-8bb0-43f8092447aa
tch_20200716-122345_11,9d1deb85-c731-11ea-af23-0242ac110002,std_1594882647644_11,004670ba-4e04-4366-8b13-a43fb2add08a
tch_20200716-122345_15,d9ce1d54-c731-11ea-96b3-0242ac110002,std_1594882749463_15,1476467c-3c24-4f9a-b9e7-22b607270484
tch_20200716-122345_14,cd2acb14-c731-11ea-acee-0242ac110002,std_1594882728277_14,1a647926-cf4c-4c88-949b-976a1cc32426
tch_20200716-122345_11,978a00b2-c731-11ea-96b3-0242ac110002,std_1594882638330_11,004670ba-4e04-4366-8b13-a43fb2add08a
tch_20200716-122345_12,a2980cc2-c731-11ea-96b3-0242ac110002,std_1594882656853_12,00b0c1c7-616d-479a-91d1-6c7c43960f1e
tch_20200716-122345_11,90c0a327-c731-11ea-96b3-0242ac110002,std_1594882626921_11,004670ba-4e04-4366-8b13-a43fb2add08a
tch_20200716-122345_14,c7ae8663-c731-11ea-96b3-0242ac110002,std_1594882719091_14,1a647926-cf4c-4c88-949b-976a1cc32426
tch_20200716-122345_12,9d2cdf99-c731-11ea-acee-0242ac110002,std_1594882647725_12,00b0c1c7-616d-479a-91d1-6c7c43960f1e
tch_20200716-122345_13,a5d0f0d8-c731-11ea-acee-0242ac110002,std_1594882662283_13,c411208e-ab63-40d8-8a66-7466c4103339
tch_20200716-122345_18,2c83359e-c732-11ea-acee-0242ac110002,std_1594882888232_18,b85233d2-3bff-4e99-a820-2e75cd54037e
tch_20200716-122345_11,8a5236e2-c731-11ea-af23-0242ac110002,std_1594882616098_11,004670ba-4e04-4366-8b13-a43fb2add08a
tch_20200716-122345_16,fcfa0512-c731-11ea-af23-0242ac110002,std_1594882808506_16,5aa42c01-b848-4c18-96ed-00a127b83fd9
tch_20200716-122345_14,c2cd70fd-c731-11ea-89f8-0242ac110002,std_1594882710878_14,1a647926-cf4c-4c88-949b-976a1cc32426
tch_20200716-122345_15,d4fce63d-c731-11ea-acee-0242ac110002,std_1594882741360_15,81b0bd8d-0829-4f29-9211-b6fff070b6da
tch_20200716-122345_13,9f8ffcca-c731-11ea-af23-0242ac110002,std_1594882651736_13,c411208e-ab63-40d8-8a66-7466c4103339
tch_20200716-122345_12,988f6281-c731-11ea-89f8-0242ac110002,std_1594882640021_12,00b0c1c7-616d-479a-91d1-6c7c43960f1e
tch_20200716-122345_11,8562060e-c731-11ea-af23-0242ac110002,std_1594882607563_11,004670ba-4e04-4366-8b13-a43fb2add08a
tch_20200716-122345_19,2e5bc673-c732-11ea-af23-0242ac110002,std_1594882891371_19,65707644-527a-4992-ac4e-0d5b3ac13f11
tch_20200716-122345_18,252d4fcb-c732-11ea-96b3-0242ac110002,std_1594882875949_18,b85233d2-3bff-4e99-a820-2e75cd54037e
tch_20200716-122345_16,f72ba8fd-c731-11ea-96b3-0242ac110002,std_1594882798721_16,5aa42c01-b848-4c18-96ed-00a127b83fd9
tch_20200716-122345_14,bd9980ae-c731-11ea-acee-0242ac110002,std_1594882702141_14,1a647926-cf4c-4c88-949b-976a1cc32426
tch_20200716-122345_17,fef51161-c731-11ea-acee-0242ac110002,std_1594882811789_17,33abad01-bda7-42ac-95d9-058a3650a782
tch_20200716-122345_20,2fad733f-c732-11ea-96b3-0242ac110002,std_1594882893561_20,735d5ec9-9675-409c-8f09-a2467b44c845
tch_20200716-122345_12,939f0ae7-c731-11ea-89f8-0242ac110002,std_1594882631756_12,00b0c1c7-616d-479a-91d1-6c7c43960f1e
tch_20200716-122345_19,28a86cf6-c732-11ea-89f8-0242ac110002,std_1594882881785_19,65707644-527a-4992-ac4e-0d5b3ac13f11
tch_20200716-122345_15,d0629d1f-c731-11ea-acee-0242ac110002,std_1594882733669_15,81b0bd8d-0829-4f29-9211-b6fff070b6da
tch_20200716-122345_18,1f3af08a-c732-11ea-96b3-0242ac110002,std_1594882865983_18,b85233d2-3bff-4e99-a820-2e75cd54037e
tch_20200716-122345_13,9af73ae8-c731-11ea-96b3-0242ac110002,std_1594882644061_13,c411208e-ab63-40d8-8a66-7466c4103339
tch_20200716-122345_14,b8afb83c-c731-11ea-acee-0242ac110002,std_1594882693914_14,1a647926-cf4c-4c88-949b-976a1cc32426
tch_20200716-122345_16,f18a77a0-c731-11ea-af23-0242ac110002,std_1594882789326_16,5aa42c01-b848-4c18-96ed-00a127b83fd9
tch_20200716-122345_17,f80c44ed-c731-11ea-96b3-0242ac110002,std_1594882800177_17,33abad01-bda7-42ac-95d9-058a3650a782
tch_20200716-122345_12,8d2e54df-c731-11ea-af23-0242ac110002,std_1594882620625_12,00b0c1c7-616d-479a-91d1-6c7c43960f1e
tch_20200716-122345_20,2b1b8f63-c732-11ea-96b3-0242ac110002,std_1594882885900_20,735d5ec9-9675-409c-8f09-a2467b44c845
tch_20200716-122345_18,183797d3-c732-11ea-af23-0242ac110002,std_1594882854205_18,b85233d2-3bff-4e99-a820-2e75cd54037e
tch_20200716-122345_19,21779aa9-c732-11ea-acee-0242ac110002,std_1594882869677_19,65707644-527a-4992-ac4e-0d5b3ac13f11
tch_20200716-122345_15,c95bc203-c731-11ea-89f8-0242ac110002,std_1594882721883_15,81b0bd8d-0829-4f29-9211-b6fff070b6da
tch_20200716-122345_13,969148d4-c731-11ea-af23-0242ac110002,std_1594882636677_13,c411208e-ab63-40d8-8a66-7466c4103339
tch_20200716-122345_16,ecb067a6-c731-11ea-af23-0242ac110002,std_1594882781178_16,5aa42c01-b848-4c18-96ed-00a127b83fd9
tch_20200716-122345_17,f30383ca-c731-11ea-af23-0242ac110002,std_1594882791796_17,33abad01-bda7-42ac-95d9-058a3650a782
tch_20200716-122345_20,259ab788-c732-11ea-acee-0242ac110002,std_1594882876659_20,735d5ec9-9675-409c-8f09-a2467b44c845
tch_20200716-122345_18,13c214a6-c732-11ea-af23-0242ac110002,std_1594882846710_18,b85233d2-3bff-4e99-a820-2e75cd54037e
tch_20200716-122345_13,9215fa3a-c731-11ea-96b3-0242ac110002,std_1594882628883_13,c411208e-ab63-40d8-8a66-7466c4103339
tch_20200716-122345_19,1a98b912-c732-11ea-89f8-0242ac110002,std_1594882858194_19,65707644-527a-4992-ac4e-0d5b3ac13f11
tch_20200716-122345_15,c2f93bcd-c731-11ea-96b3-0242ac110002,std_1594882711197_15,81b0bd8d-0829-4f29-9211-b6fff070b6da
tch_20200716-122345_16,e8018594-c731-11ea-89f8-0242ac110002,std_1594882773265_16,5aa42c01-b848-4c18-96ed-00a127b83fd9
tch_20200716-122345_17,ee08cb57-c731-11ea-af23-0242ac110002,std_1594882783426_17,33abad01-bda7-42ac-95d9-058a3650a782
tch_20200716-122345_20,1ece7351-c732-11ea-af23-0242ac110002,std_1594882865268_20,735d5ec9-9675-409c-8f09-a2467b44c845
tch_20200716-122345_19,15067b81-c732-11ea-96b3-0242ac110002,std_1594882848860_19,65707644-527a-4992-ac4e-0d5b3ac13f11
tch_20200716-122345_15,bc55dce2-c731-11ea-96b3-0242ac110002,std_1594882700029_15,81b0bd8d-0829-4f29-9211-b6fff070b6da
tch_20200716-122345_17,e7c5186a-c731-11ea-96b3-0242ac110002,std_1594882772892_17,33abad01-bda7-42ac-95d9-058a3650a782
tch_20200716-122345_20,1a2fbda6-c732-11ea-89f8-0242ac110002,std_1594882857493_20,735d5ec9-9675-409c-8f09-a2467b44c845
tch_20200716-122345_14,b2c8a45c-c731-11ea-89f8-0242ac110002,std_1594882683954_14,5337dd63-a313-4ff9-8035-4fd560bf8421
tch_20200716-122345_18,0dc9ea5c-c732-11ea-af23-0242ac110002,std_1594882836717_18,134fa866-ddc4-4f37-b96c-0b518c800550
tch_20200716-122345_14,ad6936ea-c731-11ea-96b3-0242ac110002,std_1594882675000_14,5337dd63-a313-4ff9-8035-4fd560bf8421
tch_20200716-122345_16,e22f8039-c731-11ea-96b3-0242ac110002,std_1594882763537_16,5be3a2bf-3919-432b-b548-c7f7bbfe6fa1
tch_20200716-122345_18,076197ea-c732-11ea-acee-0242ac110002,std_1594882825948_18,134fa866-ddc4-4f37-b96c-0b518c800550
tch_20200716-122345_14,a7637721-c731-11ea-af23-0242ac110002,std_1594882664895_14,5337dd63-a313-4ff9-8035-4fd560bf8421
tch_20200716-122345_17,e21e1abe-c731-11ea-af23-0242ac110002,std_1594882763440_17,b79419a4-f0e9-4c30-92f7-e2143cfcc989
tch_20200716-122345_16,dd691dec-c731-11ea-af23-0242ac110002,std_1594882755563_16,5be3a2bf-3919-432b-b548-c7f7bbfe6fa1
tch_20200716-122345_18,014da852-c732-11ea-89f8-0242ac110002,std_1594882815736_18,134fa866-ddc4-4f37-b96c-0b518c800550
tch_20200716-122345_15,b5d8a32d-c731-11ea-af23-0242ac110002,std_1594882689184_15,dce870c7-e4d2-4fa6-a897-eb1c1496eebb
tch_20200716-122345_14,a11dc8ad-c731-11ea-89f8-0242ac110002,std_1594882654386_14,5337dd63-a313-4ff9-8035-4fd560bf8421
tch_20200716-122345_20,134b370a-c732-11ea-96b3-0242ac110002,std_1594882845969_20,5aeef439-aff4-4676-bb7c-cff4d75706f1
tch_20200716-122345_19,0ec8e3ed-c732-11ea-acee-0242ac110002,std_1594882838395_19,0f68d5a2-13d7-4de6-953c-24525d91323f
tch_20200716-122345_17,db9c9b68-c731-11ea-acee-0242ac110002,std_1594882752508_17,b79419a4-f0e9-4c30-92f7-e2143cfcc989
tch_20200716-122345_16,d7d0c63f-c731-11ea-af23-0242ac110002,std_1594882746162_16,5be3a2bf-3919-432b-b548-c7f7bbfe6fa1
tch_20200716-122345_18,fa04ba50-c731-11ea-89f8-0242ac110002,std_1594882803543_18,134fa866-ddc4-4f37-b96c-0b518c800550
tch_20200716-122345_15,aff11a2f-c731-11ea-af23-0242ac110002,std_1594882679243_15,dce870c7-e4d2-4fa6-a897-eb1c1496eebb
tch_20200716-122345_14,9c2d4a09-c731-11ea-96b3-0242ac110002,std_1594882645792_14,5337dd63-a313-4ff9-8035-4fd560bf8421
tch_20200716-122345_20,0c303777-c732-11ea-af23-0242ac110002,std_1594882834032_20,5aeef439-aff4-4676-bb7c-cff4d75706f1
tch_20200716-122345_19,09845130-c732-11ea-89f8-0242ac110002,std_1594882829526_19,0f68d5a2-13d7-4de6-953c-24525d91323f
tch_20200716-122345_17,d6f2748d-c731-11ea-89f8-0242ac110002,std_1594882744688_17,b79419a4-f0e9-4c30-92f7-e2143cfcc989
tch_20200716-122345_16,d12f6356-c731-11ea-acee-0242ac110002,std_1594882735013_16,5be3a2bf-3919-432b-b548-c7f7bbfe6fa1
tch_20200716-122345_15,aac4a40a-c731-11ea-89f8-0242ac110002,std_1594882670529_15,dce870c7-e4d2-4fa6-a897-eb1c1496eebb
tch_20200716-122345_18,f2c5de08-c731-11ea-96b3-0242ac110002,std_1594882791396_18,134fa866-ddc4-4f37-b96c-0b518c800550
tch_20200716-122345_20,04f7c434-c732-11ea-acee-0242ac110002,std_1594882821908_20,5aeef439-aff4-4676-bb7c-cff4d75706f1
tch_20200716-122345_19,027c3c54-c732-11ea-89f8-0242ac110002,std_1594882817675_19,0f68d5a2-13d7-4de6-953c-24525d91323f
tch_20200716-122345_17,d05d6cd3-c731-11ea-89f8-0242ac110002,std_1594882733651_17,b79419a4-f0e9-4c30-92f7-e2143cfcc989
tch_20200716-122345_16,cbaa6c6c-c731-11ea-acee-0242ac110002,std_1594882725484_16,5be3a2bf-3919-432b-b548-c7f7bbfe6fa1
tch_20200716-122345_15,a474e304-c731-11ea-acee-0242ac110002,std_1594882659971_15,dce870c7-e4d2-4fa6-a897-eb1c1496eebb
tch_20200716-122345_20,fea21031-c731-11ea-89f8-0242ac110002,std_1594882811285_20,5aeef439-aff4-4676-bb7c-cff4d75706f1
tch_20200716-122345_22,452a6629-c732-11ea-89f8-0242ac110002,std_1594882929606_22,7cb43ee0-09e8-4a10-84fd-e9b69f558c0a
tch_20200716-122345_19,fc597f1c-c731-11ea-89f8-0242ac110002,std_1594882807429_19,0f68d5a2-13d7-4de6-953c-24525d91323f
tch_20200716-122345_17,c9343c84-c731-11ea-89f8-0242ac110002,std_1594882721642_17,b79419a4-f0e9-4c30-92f7-e2143cfcc989
tch_20200716-122345_15,9fc3de08-c731-11ea-89f8-0242ac110002,std_1594882651815_15,dce870c7-e4d2-4fa6-a897-eb1c1496eebb
tch_20200716-122345_20,f939f04b-c731-11ea-af23-0242ac110002,std_1594882802235_20,5aeef439-aff4-4676-bb7c-cff4d75706f1
tch_20200716-122345_22,3f020371-c732-11ea-96b3-0242ac110002,std_1594882919299_22,7cb43ee0-09e8-4a10-84fd-e9b69f558c0a
tch_20200716-122345_19,f7d752e3-c731-11ea-af23-0242ac110002,std_1594882799858_19,0f68d5a2-13d7-4de6-953c-24525d91323f
tch_20200716-122345_21,487bda3a-c732-11ea-acee-0242ac110002,std_1594882935180_21,b6949751-dcd1-4931-9043-30029aad9ca2
tch_20200716-122345_22,384a587c-c732-11ea-96b3-0242ac110002,std_1594882908003_22,7cb43ee0-09e8-4a10-84fd-e9b69f558c0a
tch_20200716-122345_21,42c3785b-c732-11ea-acee-0242ac110002,std_1594882925592_21,b6949751-dcd1-4931-9043-30029aad9ca2
tch_20200716-122345_18,ebd4d405-c731-11ea-acee-0242ac110002,std_1594882779734_18,1b910361-edbd-4e9f-9300-9d56e8f8a0ce
tch_20200716-122345_22,3263449c-c732-11ea-96b3-0242ac110002,std_1594882898083_22,7cb43ee0-09e8-4a10-84fd-e9b69f558c0a
tch_20200716-122345_16,c42a9091-c731-11ea-acee-0242ac110002,std_1594882713186_16,df5a49b9-ac4f-4eb9-a4e1-2483805f9717
tch_20200716-122345_18,e6689558-c731-11ea-89f8-0242ac110002,std_1594882770629_18,1b910361-edbd-4e9f-9300-9d56e8f8a0ce
tch_20200716-122345_21,3bcca1aa-c732-11ea-89f8-0242ac110002,std_1594882913898_21,b6949751-dcd1-4931-9043-30029aad9ca2
tch_20200716-122345_22,2d7c631e-c732-11ea-89f8-0242ac110002,std_1594882889866_22,7cb43ee0-09e8-4a10-84fd-e9b69f558c0a
tch_20200716-122345_16,bde0269e-c731-11ea-af23-0242ac110002,std_1594882702626_16,df5a49b9-ac4f-4eb9-a4e1-2483805f9717
tch_20200716-122345_17,c4981f7d-c731-11ea-96b3-0242ac110002,std_1594882713896_17,fab2b30d-6c98-4979-af6f-12cca6a9ee78
tch_20200716-122345_18,e0a66f0c-c731-11ea-96b3-0242ac110002,std_1594882760964_18,1b910361-edbd-4e9f-9300-9d56e8f8a0ce
tch_20200716-122345_21,35d1de5a-c732-11ea-af23-0242ac110002,std_1594882903879_21,b6949751-dcd1-4931-9043-30029aad9ca2
tch_20200716-122345_19,f2913a0c-c731-11ea-89f8-0242ac110002,std_1594882791016_19,025db98f-b314-42d8-b986-4a5cb73b2a63
tch_20200716-122345_20,f48c6d46-c731-11ea-96b3-0242ac110002,std_1594882794370_20,4b0279bf-bd4c-41e7-b5fe-bab69d0bde91
tch_20200716-122345_16,b791c52e-c731-11ea-96b3-0242ac110002,std_1594882692062_16,df5a49b9-ac4f-4eb9-a4e1-2483805f9717
tch_20200716-122345_17,be4725b2-c731-11ea-96b3-0242ac110002,std_1594882703284_17,fab2b30d-6c98-4979-af6f-12cca6a9ee78
tch_20200716-122345_18,d97e762d-c731-11ea-96b3-0242ac110002,std_1594882748981_18,1b910361-edbd-4e9f-9300-9d56e8f8a0ce
tch_20200716-122345_21,3079c462-c732-11ea-af23-0242ac110002,std_1594882894894_21,b6949751-dcd1-4931-9043-30029aad9ca2
tch_20200716-122345_17,b9a5b118-c731-11ea-af23-0242ac110002,std_1594882695547_17,fab2b30d-6c98-4979-af6f-12cca6a9ee78
tch_20200716-122345_20,ef459124-c731-11ea-89f8-0242ac110002,std_1594882785481_20,4b0279bf-bd4c-41e7-b5fe-bab69d0bde91
tch_20200716-122345_19,ec8f994b-c731-11ea-89f8-0242ac110002,std_1594882780926_19,025db98f-b314-42d8-b986-4a5cb73b2a63
tch_20200716-122345_16,b2699487-c731-11ea-96b3-0242ac110002,std_1594882683352_16,df5a49b9-ac4f-4eb9-a4e1-2483805f9717
tch_20200716-122345_18,d4b66774-c731-11ea-af23-0242ac110002,std_1594882740952_18,1b910361-edbd-4e9f-9300-9d56e8f8a0ce
tch_20200716-122345_23,5302676b-c732-11ea-acee-0242ac110002,std_1594882952851_23,a26fd8d7-c43b-48fe-a943-9e3c13017868
tch_20200716-122345_17,b4e5df94-c731-11ea-af23-0242ac110002,std_1594882687580_17,fab2b30d-6c98-4979-af6f-12cca6a9ee78
tch_20200716-122345_19,e601bd24-c731-11ea-acee-0242ac110002,std_1594882769917_19,025db98f-b314-42d8-b986-4a5cb73b2a63
tch_20200716-122345_20,e9c10fa5-c731-11ea-89f8-0242ac110002,std_1594882776198_20,4b0279bf-bd4c-41e7-b5fe-bab69d0bde91
tch_20200716-122345_16,acc296a4-c731-11ea-acee-0242ac110002,std_1594882673633_16,df5a49b9-ac4f-4eb9-a4e1-2483805f9717
tch_20200716-122345_22,26db7442-c732-11ea-acee-0242ac110002,std_1594882878774_22,12c0ea16-d6fe-4500-ab05-99cf454312c6
tch_20200716-122345_17,ae93d488-c731-11ea-af23-0242ac110002,std_1594882676697_17,fab2b30d-6c98-4979-af6f-12cca6a9ee78
tch_20200716-122345_20,e557c211-c731-11ea-89f8-0242ac110002,std_1594882768852_20,4b0279bf-bd4c-41e7-b5fe-bab69d0bde91
tch_20200716-122345_23,4e9ff7b4-c732-11ea-af23-0242ac110002,std_1594882945492_23,a26fd8d7-c43b-48fe-a943-9e3c13017868
tch_20200716-122345_19,e17f42f2-c731-11ea-89f8-0242ac110002,std_1594882762396_19,025db98f-b314-42d8-b986-4a5cb73b2a63
tch_20200716-122345_21,293591c6-c732-11ea-acee-0242ac110002,std_1594882882683_21,2dc28974-ace7-439e-be4f-ca302917b31c
tch_20200716-122345_22,20f6350a-c732-11ea-acee-0242ac110002,std_1594882868864_22,12c0ea16-d6fe-4500-ab05-99cf454312c6
tch_20200716-122345_23,491b2787-c732-11ea-acee-0242ac110002,std_1594882936205_23,a26fd8d7-c43b-48fe-a943-9e3c13017868
tch_20200716-122345_20,e048becd-c731-11ea-acee-0242ac110002,std_1594882760353_20,4b0279bf-bd4c-41e7-b5fe-bab69d0bde91
tch_20200716-122345_19,dbe9d1bf-c731-11ea-af23-0242ac110002,std_1594882753048_19,025db98f-b314-42d8-b986-4a5cb73b2a63
tch_20200716-122345_21,23c16392-c732-11ea-acee-0242ac110002,std_1594882873558_21,2dc28974-ace7-439e-be4f-ca302917b31c
tch_20200716-122345_23,42b67faf-c732-11ea-af23-0242ac110002,std_1594882925521_23,a26fd8d7-c43b-48fe-a943-9e3c13017868
tch_20200716-122345_22,1c6981cd-c732-11ea-96b3-0242ac110002,std_1594882861257_22,12c0ea16-d6fe-4500-ab05-99cf454312c6
tch_20200716-122345_18,ce977a6e-c731-11ea-96b3-0242ac110002,std_1594882730638_18,8e6fb1ce-9ec4-4eb3-a803-8f101e9b346c
tch_20200716-122345_21,1c74cbad-c732-11ea-96b3-0242ac110002,std_1594882861301_21,2dc28974-ace7-439e-be4f-ca302917b31c
tch_20200716-122345_22,1702c168-c732-11ea-af23-0242ac110002,std_1594882852187_22,12c0ea16-d6fe-4500-ab05-99cf454312c6
tch_20200716-122345_23,3c808875-c732-11ea-89f8-0242ac110002,std_1594882915081_23,a26fd8d7-c43b-48fe-a943-9e3c13017868
tch_20200716-122345_25,5bc5243c-c732-11ea-af23-0242ac110002,std_1594882967509_25,9d333ee8-06fc-4c81-9873-419a2bdf9d24
tch_20200716-122345_24,59a44000-c732-11ea-89f8-0242ac110002,std_1594882963951_24,21f10e26-cd6d-47a8-be2c-a2b085e1ba37
tch_20200716-122345_21,15e82985-c732-11ea-96b3-0242ac110002,std_1594882850328_21,2dc28974-ace7-439e-be4f-ca302917b31c
tch_20200716-122345_18,c94e0610-c731-11ea-96b3-0242ac110002,std_1594882721829_18,8e6fb1ce-9ec4-4eb3-a803-8f101e9b346c
tch_20200716-122345_22,12536974-c732-11ea-af23-0242ac110002,std_1594882844317_22,12c0ea16-d6fe-4500-ab05-99cf454312c6
tch_20200716-122345_25,5699beb2-c732-11ea-af23-0242ac110002,std_1594882958848_25,9d333ee8-06fc-4c81-9873-419a2bdf9d24
tch_20200716-122345_24,52da6cd3-c732-11ea-acee-0242ac110002,std_1594882952523_24,21f10e26-cd6d-47a8-be2c-a2b085e1ba37
tch_20200716-122345_21,10f33e02-c732-11ea-96b3-0242ac110002,std_1594882842020_21,2dc28974-ace7-439e-be4f-ca302917b31c
tch_20200716-122345_18,c4d6fd50-c731-11ea-af23-0242ac110002,std_1594882714310_18,8e6fb1ce-9ec4-4eb3-a803-8f101e9b346c
tch_20200716-122345_20,db97e05d-c731-11ea-acee-0242ac110002,std_1594882752485_20,7b756d48-b760-48ca-b47a-5d6760da882e
tch_20200716-122345_25,51e9f253-c732-11ea-acee-0242ac110002,std_1594882950998_25,9d333ee8-06fc-4c81-9873-419a2bdf9d24
tch_20200716-122345_19,d5449d18-c731-11ea-acee-0242ac110002,std_1594882741877_19,df5e3850-8347-410c-b4a7-6df44e04cc6b
tch_20200716-122345_24,4dd1d282-c732-11ea-89f8-0242ac110002,std_1594882944136_24,21f10e26-cd6d-47a8-be2c-a2b085e1ba37
tch_20200716-122345_18,bde7048a-c731-11ea-af23-0242ac110002,std_1594882702671_18,8e6fb1ce-9ec4-4eb3-a803-8f101e9b346c
tch_20200716-122345_20,d4cbeadf-c731-11ea-96b3-0242ac110002,std_1594882741048_20,7b756d48-b760-48ca-b47a-5d6760da882e
tch_20200716-122345_24,47ac2ede-c732-11ea-acee-0242ac110002,std_1594882933790_24,21f10e26-cd6d-47a8-be2c-a2b085e1ba37
tch_20200716-122345_19,cf5b1813-c731-11ea-af23-0242ac110002,std_1594882731924_19,df5e3850-8347-410c-b4a7-6df44e04cc6b
tch_20200716-122345_25,4b55aec4-c732-11ea-af23-0242ac110002,std_1594882939957_25,9d333ee8-06fc-4c81-9873-419a2bdf9d24
tch_20200716-122345_23,3601efb8-c732-11ea-89f8-0242ac110002,std_1594882904191_23,5de7ab22-d427-43df-a62e-734cf7bc3b0a
tch_20200716-122345_18,b9395ab6-c731-11ea-af23-0242ac110002,std_1594882694546_18,8e6fb1ce-9ec4-4eb3-a803-8f101e9b346c
tch_20200716-122345_20,cff4e7a4-c731-11ea-acee-0242ac110002,std_1594882732982_20,7b756d48-b760-48ca-b47a-5d6760da882e
tch_20200716-122345_19,ca1c525b-c731-11ea-acee-0242ac110002,std_1594882723152_19,df5e3850-8347-410c-b4a7-6df44e04cc6b
tch_20200716-122345_24,41ed3c2b-c732-11ea-96b3-0242ac110002,std_1594882924207_24,21f10e26-cd6d-47a8-be2c-a2b085e1ba37
tch_20200716-122345_25,4617d335-c732-11ea-89f8-0242ac110002,std_1594882931172_25,9d333ee8-06fc-4c81-9873-419a2bdf9d24
tch_20200716-122345_23,302d9fb6-c732-11ea-af23-0242ac110002,std_1594882894330_23,5de7ab22-d427-43df-a62e-734cf7bc3b0a
tch_20200716-122345_21,0ac3fd1f-c732-11ea-96b3-0242ac110002,std_1594882831627_21,c36bd082-fd78-4b4e-b2c5-52ee41d70792
tch_20200716-122345_22,0ddde6e1-c732-11ea-89f8-0242ac110002,std_1594882836807_22,fc81ca18-7bae-42a4-883a-1a6091788794
tch_20200716-122345_20,cb86df6e-c731-11ea-96b3-0242ac110002,std_1594882725568_20,7b756d48-b760-48ca-b47a-5d6760da882e
tch_20200716-122345_19,c5a5be4f-c731-11ea-96b3-0242ac110002,std_1594882715673_19,df5e3850-8347-410c-b4a7-6df44e04cc6b
tch_20200716-122345_23,29009ed4-c732-11ea-89f8-0242ac110002,std_1594882882369_23,5de7ab22-d427-43df-a62e-734cf7bc3b0a
tch_20200716-122345_21,04137e96-c732-11ea-96b3-0242ac110002,std_1594882820380_21,c36bd082-fd78-4b4e-b2c5-52ee41d70792
tch_20200716-122345_22,06d50fbf-c732-11ea-acee-0242ac110002,std_1594882825008_22,fc81ca18-7bae-42a4-883a-1a6091788794
tch_20200716-122345_20,c69bdde3-c731-11ea-96b3-0242ac110002,std_1594882716988_20,7b756d48-b760-48ca-b47a-5d6760da882e
tch_20200716-122345_19,c00a80c9-c731-11ea-af23-0242ac110002,std_1594882705997_19,df5e3850-8347-410c-b4a7-6df44e04cc6b
tch_20200716-122345_23,2423a74c-c732-11ea-af23-0242ac110002,std_1594882874224_23,5de7ab22-d427-43df-a62e-734cf7bc3b0a
tch_20200716-122345_21,fd1750c8-c731-11ea-96b3-0242ac110002,std_1594882808687_21,c36bd082-fd78-4b4e-b2c5-52ee41d70792
tch_20200716-122345_22,0104b7b5-c732-11ea-89f8-0242ac110002,std_1594882815195_22,fc81ca18-7bae-42a4-883a-1a6091788794
tch_20200716-122345_21,f6cc23f7-c731-11ea-acee-0242ac110002,std_1594882798137_21,c36bd082-fd78-4b4e-b2c5-52ee41d70792
tch_20200716-122345_23,1fa8cdab-c732-11ea-89f8-0242ac110002,std_1594882866412_23,5de7ab22-d427-43df-a62e-734cf7bc3b0a
tch_20200716-122345_22,fb437b4b-c731-11ea-89f8-0242ac110002,std_1594882805628_22,fc81ca18-7bae-42a4-883a-1a6091788794
tch_20200716-122345_26,6b70d492-c732-11ea-89f8-0242ac110002,std_1594882993842_26,6e7578a0-0ca5-4220-88bc-2d9430b1092b
tch_20200716-122345_24,3c44deab-c732-11ea-af23-0242ac110002,std_1594882914711_24,cc5a55cb-3f27-46a2-a7de-069605d43b42
tch_20200716-122345_21,f0827e0b-c731-11ea-af23-0242ac110002,std_1594882787592_21,c36bd082-fd78-4b4e-b2c5-52ee41d70792
tch_20200716-122345_25,40703916-c732-11ea-af23-0242ac110002,std_1594882921666_25,6f7c28e6-c327-436f-b42d-a8f89e9e2a2c
tch_20200716-122345_22,f5c6e906-c731-11ea-96b3-0242ac110002,std_1594882796440_22,fc81ca18-7bae-42a4-883a-1a6091788794
tch_20200716-122345_26,660d2162-c732-11ea-af23-0242ac110002,std_1594882984791_26,6e7578a0-0ca5-4220-88bc-2d9430b1092b
tch_20200716-122345_24,34f82074-c732-11ea-af23-0242ac110002,std_1594882902449_24,cc5a55cb-3f27-46a2-a7de-069605d43b42
tch_20200716-122345_25,3bd9250a-c732-11ea-89f8-0242ac110002,std_1594882913989_25,6f7c28e6-c327-436f-b42d-a8f89e9e2a2c
tch_20200716-122345_26,5f8c64fc-c732-11ea-89f8-0242ac110002,std_1594882973867_26,6e7578a0-0ca5-4220-88bc-2d9430b1092b
tch_20200716-122345_27,6dbaeacb-c732-11ea-af23-0242ac110002,std_1594882997687_27,3af00ca2-7c6b-45fb-9a60-fbbda0c01e38
tch_20200716-122345_24,2f5bf852-c732-11ea-96b3-0242ac110002,std_1594882893037_24,cc5a55cb-3f27-46a2-a7de-069605d43b42
tch_20200716-122345_25,3570d305-c732-11ea-96b3-0242ac110002,std_1594882903215_25,6f7c28e6-c327-436f-b42d-a8f89e9e2a2c
tch_20200716-122345_27,68b53667-c732-11ea-af23-0242ac110002,std_1594882989228_27,3af00ca2-7c6b-45fb-9a60-fbbda0c01e38
tch_20200716-122345_26,5a8ec732-c732-11ea-89f8-0242ac110002,std_1594882965505_26,6e7578a0-0ca5-4220-88bc-2d9430b1092b
tch_20200716-122345_24,2acd20d6-c732-11ea-96b3-0242ac110002,std_1594882885381_24,cc5a55cb-3f27-46a2-a7de-069605d43b42
tch_20200716-122345_23,17c7979e-c732-11ea-89f8-0242ac110002,std_1594882853460_23,5acfd11a-3f8c-4979-bb37-5c3b66bd2d77
tch_20200716-122345_25,2e3d68be-c732-11ea-af23-0242ac110002,std_1594882891173_25,6f7c28e6-c327-436f-b42d-a8f89e9e2a2c
tch_20200716-122345_27,63cb4747-c732-11ea-acee-0242ac110002,std_1594882981010_27,3af00ca2-7c6b-45fb-9a60-fbbda0c01e38
tch_20200716-122345_21,ea4f455a-c731-11ea-acee-0242ac110002,std_1594882777152_21,af54f99a-91e0-4313-843e-9710df7196b2
tch_20200716-122345_26,54186b64-c732-11ea-acee-0242ac110002,std_1594882954633_26,6e7578a0-0ca5-4220-88bc-2d9430b1092b
tch_20200716-122345_24,24302af9-c732-11ea-89f8-0242ac110002,std_1594882874285_24,cc5a55cb-3f27-46a2-a7de-069605d43b42
tch_20200716-122345_23,115162b1-c732-11ea-acee-0242ac110002,std_1594882842630_23,5acfd11a-3f8c-4979-bb37-5c3b66bd2d77
tch_20200716-122345_22,f0f9aa3d-c731-11ea-96b3-0242ac110002,std_1594882788365_22,e844909b-8653-41fc-bf7b-3804330f6088
tch_20200716-122345_25,276f771d-c732-11ea-96b3-0242ac110002,std_1594882879753_25,6f7c28e6-c327-436f-b42d-a8f89e9e2a2c
tch_20200716-122345_27,5e177844-c732-11ea-96b3-0242ac110002,std_1594882971459_27,3af00ca2-7c6b-45fb-9a60-fbbda0c01e38
tch_20200716-122345_21,e3fc775d-c731-11ea-89f8-0242ac110002,std_1594882766572_21,af54f99a-91e0-4313-843e-9710df7196b2
tch_20200716-122345_23,0ae7ffd3-c732-11ea-acee-0242ac110002,std_1594882831829_23,5acfd11a-3f8c-4979-bb37-5c3b66bd2d77
tch_20200716-122345_22,e9b5284e-c731-11ea-acee-0242ac110002,std_1594882776184_22,e844909b-8653-41fc-bf7b-3804330f6088
tch_20200716-122345_27,58d026b8-c732-11ea-af23-0242ac110002,std_1594882962597_27,3af00ca2-7c6b-45fb-9a60-fbbda0c01e38
tch_20200716-122345_21,dcefa8a1-c731-11ea-af23-0242ac110002,std_1594882754745_21,af54f99a-91e0-4313-843e-9710df7196b2
tch_20200716-122345_23,062d5dd6-c732-11ea-af23-0242ac110002,std_1594882823918_23,5acfd11a-3f8c-4979-bb37-5c3b66bd2d77
tch_20200716-122345_22,e388a711-c731-11ea-acee-0242ac110002,std_1594882765813_22,e844909b-8653-41fc-bf7b-3804330f6088
tch_20200716-122345_29,79ce3210-c732-11ea-af23-0242ac110002,std_1594883017954_29,de4b928a-cec9-4d57-b8fd-2a4706bdf3f3
tch_20200716-122345_21,d7c7c61d-c731-11ea-89f8-0242ac110002,std_1594882746085_21,af54f99a-91e0-4313-843e-9710df7196b2
tch_20200716-122345_26,4e28cb86-c732-11ea-acee-0242ac110002,std_1594882944718_26,723228fd-50a1-475b-b510-46c9ab2dae3f
tch_20200716-122345_23,019deb13-c732-11ea-acee-0242ac110002,std_1594882816286_23,5acfd11a-3f8c-4979-bb37-5c3b66bd2d77
tch_20200716-122345_22,ddf97758-c731-11ea-89f8-0242ac110002,std_1594882756467_22,e844909b-8653-41fc-bf7b-3804330f6088
tch_20200716-122345_29,74e3a711-c732-11ea-acee-0242ac110002,std_1594883009654_29,de4b928a-cec9-4d57-b8fd-2a4706bdf3f3
tch_20200716-122345_24,1e2896af-c732-11ea-af23-0242ac110002,std_1594882864160_24,877710ee-9300-418e-a1f3-0edddb422921
tch_20200716-122345_21,d06e3608-c731-11ea-af23-0242ac110002,std_1594882733455_21,af54f99a-91e0-4313-843e-9710df7196b2
tch_20200716-122345_28,7ca59591-c732-11ea-96b3-0242ac110002,std_1594883022718_28,434aa23f-3aa7-4502-8c56-9ddb97afa6f7
tch_20200716-122345_26,49038192-c732-11ea-89f8-0242ac110002,std_1594882936059_26,723228fd-50a1-475b-b510-46c9ab2dae3f
tch_20200716-122345_25,2297146a-c732-11ea-89f8-0242ac110002,std_1594882871605_25,42145d06-0e78-4929-8bc2-4e787de7899b
tch_20200716-122345_22,d7bddad9-c731-11ea-89f8-0242ac110002,std_1594882745727_22,e844909b-8653-41fc-bf7b-3804330f6088
tch_20200716-122345_29,6fe1c27f-c732-11ea-89f8-0242ac110002,std_1594883001274_29,de4b928a-cec9-4d57-b8fd-2a4706bdf3f3
tch_20200716-122345_24,177b25b9-c732-11ea-89f8-0242ac110002,std_1594882852926_24,877710ee-9300-418e-a1f3-0edddb422921
tch_20200716-122345_26,41f3f2a4-c732-11ea-89f8-0242ac110002,std_1594882924205_26,723228fd-50a1-475b-b510-46c9ab2dae3f
tch_20200716-122345_28,75ee11a7-c732-11ea-96b3-0242ac110002,std_1594883011432_28,434aa23f-3aa7-4502-8c56-9ddb97afa6f7
tch_20200716-122345_25,1dc911b8-c732-11ea-96b3-0242ac110002,std_1594882863533_25,42145d06-0e78-4929-8bc2-4e787de7899b
tch_20200716-122345_27,527edf88-c732-11ea-af23-0242ac110002,std_1594882951983_27,a7f5b9cc-e6ff-4105-bb84-d9396b0aaac0
tch_20200716-122345_29,6957dfb2-c732-11ea-af23-0242ac110002,std_1594882990316_29,de4b928a-cec9-4d57-b8fd-2a4706bdf3f3
tch_20200716-122345_24,12db1056-c732-11ea-96b3-0242ac110002,std_1594882845213_24,877710ee-9300-418e-a1f3-0edddb422921
tch_20200716-122345_26,3c45f0b5-c732-11ea-89f8-0242ac110002,std_1594882914685_26,723228fd-50a1-475b-b510-46c9ab2dae3f
tch_20200716-122345_28,7058c7aa-c732-11ea-acee-0242ac110002,std_1594883002039_28,434aa23f-3aa7-4502-8c56-9ddb97afa6f7
tch_20200716-122345_25,17a67acf-c732-11ea-89f8-0242ac110002,std_1594882853263_25,42145d06-0e78-4929-8bc2-4e787de7899b
tch_20200716-122345_29,63097e28-c732-11ea-acee-0242ac110002,std_1594882979733_29,de4b928a-cec9-4d57-b8fd-2a4706bdf3f3
tch_20200716-122345_27,4c3894db-c732-11ea-96b3-0242ac110002,std_1594882941467_27,a7f5b9cc-e6ff-4105-bb84-d9396b0aaac0
tch_20200716-122345_23,fa6920ce-c731-11ea-96b3-0242ac110002,std_1594882804185_23,30ceb3c0-9c29-4fed-b169-5a4701447161
tch_20200716-122345_24,0d51fb54-c732-11ea-acee-0242ac110002,std_1594882835927_24,877710ee-9300-418e-a1f3-0edddb422921
tch_20200716-122345_26,35d7f920-c732-11ea-89f8-0242ac110002,std_1594882903907_26,723228fd-50a1-475b-b510-46c9ab2dae3f
tch_20200716-122345_25,12c47aa2-c732-11ea-89f8-0242ac110002,std_1594882845053_25,42145d06-0e78-4929-8bc2-4e787de7899b
tch_20200716-122345_27,46753541-c732-11ea-89f8-0242ac110002,std_1594882931747_27,a7f5b9cc-e6ff-4105-bb84-d9396b0aaac0
tch_20200716-122345_28,6ba551ff-c732-11ea-acee-0242ac110002,std_1594882994167_28,434aa23f-3aa7-4502-8c56-9ddb97afa6f7
tch_20200716-122345_30,8445559a-c732-11ea-acee-0242ac110002,std_1594883035502_30,0ce2fa09-4fc7-4e98-beda-52b9e693181d
tch_20200716-122345_23,f3345723-c731-11ea-af23-0242ac110002,std_1594882792071_23,30ceb3c0-9c29-4fed-b169-5a4701447161
tch_20200716-122345_24,068086b4-c732-11ea-acee-0242ac110002,std_1594882824465_24,877710ee-9300-418e-a1f3-0edddb422921
tch_20200716-122345_28,6480b442-c732-11ea-89f8-0242ac110002,std_1594882982181_28,434aa23f-3aa7-4502-8c56-9ddb97afa6f7
tch_20200716-122345_25,0c0752a3-c732-11ea-acee-0242ac110002,std_1594882833747_25,42145d06-0e78-4929-8bc2-4e787de7899b
tch_20200716-122345_30,7f95fe9b-c732-11ea-96b3-0242ac110002,std_1594883027634_30,0ce2fa09-4fc7-4e98-beda-52b9e693181d
tch_20200716-122345_27,41832fd4-c732-11ea-af23-0242ac110002,std_1594882923501_27,a7f5b9cc-e6ff-4105-bb84-d9396b0aaac0
tch_20200716-122345_23,eca6ca44-c731-11ea-89f8-0242ac110002,std_1594882781120_23,30ceb3c0-9c29-4fed-b169-5a4701447161
tch_20200716-122345_30,78ac20b6-c732-11ea-acee-0242ac110002,std_1594883016029_30,0ce2fa09-4fc7-4e98-beda-52b9e693181d
tch_20200716-122345_27,3c2b3c6d-c732-11ea-acee-0242ac110002,std_1594882914547_27,a7f5b9cc-e6ff-4105-bb84-d9396b0aaac0
tch_20200716-122345_29,5d72faef-c732-11ea-96b3-0242ac110002,std_1594882970355_29,d0bba181-1524-4d07-93e4-19bb7b9cf007
tch_20200716-122345_23,e756ed06-c731-11ea-af23-0242ac110002,std_1594882772182_23,30ceb3c0-9c29-4fed-b169-5a4701447161
tch_20200716-122345_31,89a00893-c732-11ea-acee-0242ac110002,std_1594883044474_31,0ede5649-16d1-4d6e-8080-695f2c3103e8
tch_20200716-122345_30,7224addd-c732-11ea-96b3-0242ac110002,std_1594883005074_30,0ce2fa09-4fc7-4e98-beda-52b9e693181d
tch_20200716-122345_29,58c32f1b-c732-11ea-96b3-0242ac110002,std_1594882962505_29,d0bba181-1524-4d07-93e4-19bb7b9cf007
tch_20200716-122345_23,e0486ff6-c731-11ea-af23-0242ac110002,std_1594882760078_23,30ceb3c0-9c29-4fed-b169-5a4701447161
tch_20200716-122345_31,844492a0-c732-11ea-89f8-0242ac110002,std_1594883035480_31,0ede5649-16d1-4d6e-8080-695f2c3103e8
tch_20200716-122345_25,06ee3cf1-c732-11ea-af23-0242ac110002,std_1594882825210_25,f0e88ba4-b8e8-4b3a-b79d-8798ceab340a
tch_20200716-122345_26,3016e413-c732-11ea-af23-0242ac110002,std_1594882894282_26,4c16ef0c-cba6-4fef-9b97-0deb053643ad
tch_20200716-122345_30,6cbfc200-c732-11ea-96b3-0242ac110002,std_1594882996025_30,0ce2fa09-4fc7-4e98-beda-52b9e693181d
tch_20200716-122345_24,ff529b1e-c731-11ea-acee-0242ac110002,std_1594882812436_24,40b1facd-16bf-4763-a61d-afbd8bbc28f3
tch_20200716-122345_29,544d84a3-c732-11ea-acee-0242ac110002,std_1594882955025_29,d0bba181-1524-4d07-93e4-19bb7b9cf007
tch_20200716-122345_31,7f80a1d7-c732-11ea-acee-0242ac110002,std_1594883027494_31,0ede5649-16d1-4d6e-8080-695f2c3103e8
tch_20200716-122345_25,ff9dfc7e-c731-11ea-96b3-0242ac110002,std_1594882812915_25,f0e88ba4-b8e8-4b3a-b79d-8798ceab340a
tch_20200716-122345_26,2a1bf955-c732-11ea-96b3-0242ac110002,std_1594882884173_26,4c16ef0c-cba6-4fef-9b97-0deb053643ad
tch_20200716-122345_28,5d9bb88d-c732-11ea-acee-0242ac110002,std_1594882970627_28,47877d42-756d-4ee9-b591-f46e4c199561
tch_20200716-122345_29,4d9cdf7d-c732-11ea-acee-0242ac110002,std_1594882943796_29,d0bba181-1524-4d07-93e4-19bb7b9cf007
tch_20200716-122345_24,f8aaf64a-c731-11ea-acee-0242ac110002,std_1594882801290_24,40b1facd-16bf-4763-a61d-afbd8bbc28f3
tch_20200716-122345_27,35cf1f2c-c732-11ea-acee-0242ac110002,std_1594882903858_27,e96e6168-cc65-4c47-a3eb-a62ef62ee9d3
tch_20200716-122345_25,fa4c49d9-c731-11ea-96b3-0242ac110002,std_1594882803994_25,f0e88ba4-b8e8-4b3a-b79d-8798ceab340a
tch_20200716-122345_31,798b0f10-c732-11ea-acee-0242ac110002,std_1594883017484_31,0ede5649-16d1-4d6e-8080-695f2c3103e8
tch_20200716-122345_26,23636491-c732-11ea-acee-0242ac110002,std_1594882872949_26,4c16ef0c-cba6-4fef-9b97-0deb053643ad
tch_20200716-122345_28,57037d25-c732-11ea-89f8-0242ac110002,std_1594882959560_28,47877d42-756d-4ee9-b591-f46e4c199561
tch_20200716-122345_29,468fc24a-c732-11ea-acee-0242ac110002,std_1594882931936_29,d0bba181-1524-4d07-93e4-19bb7b9cf007
tch_20200716-122345_32,906f8020-c732-11ea-af23-0242ac110002,std_1594883055892_32,65519818-5222-4e05-ac96-824b1bce5a42
tch_20200716-122345_24,f24e1630-c731-11ea-96b3-0242ac110002,std_1594882790582_24,40b1facd-16bf-4763-a61d-afbd8bbc28f3
tch_20200716-122345_27,30cfac8d-c732-11ea-96b3-0242ac110002,std_1594882895468_27,e96e6168-cc65-4c47-a3eb-a62ef62ee9d3
tch_20200716-122345_25,f4ecb5bc-c731-11ea-89f8-0242ac110002,std_1594882794987_25,f0e88ba4-b8e8-4b3a-b79d-8798ceab340a
tch_20200716-122345_31,7240e8ac-c732-11ea-96b3-0242ac110002,std_1594883005248_31,0ede5649-16d1-4d6e-8080-695f2c3103e8
tch_20200716-122345_26,1e94ed60-c732-11ea-96b3-0242ac110002,std_1594882864863_26,4c16ef0c-cba6-4fef-9b97-0deb053643ad
tch_20200716-122345_28,505b1588-c732-11ea-89f8-0242ac110002,std_1594882948376_28,47877d42-756d-4ee9-b591-f46e4c199561
tch_20200716-122345_32,8beabb89-c732-11ea-96b3-0242ac110002,std_1594883048321_32,65519818-5222-4e05-ac96-824b1bce5a42
tch_20200716-122345_30,67884f84-c732-11ea-89f8-0242ac110002,std_1594882987270_30,70358fa1-9b21-47aa-a477-48bccc09c1fd
tch_20200716-122345_24,ed896296-c731-11ea-acee-0242ac110002,std_1594882782601_24,40b1facd-16bf-4763-a61d-afbd8bbc28f3
tch_20200716-122345_27,29b659f8-c732-11ea-89f8-0242ac110002,std_1594882883541_27,e96e6168-cc65-4c47-a3eb-a62ef62ee9d3
tch_20200716-122345_25,ede39067-c731-11ea-89f8-0242ac110002,std_1594882782915_25,f0e88ba4-b8e8-4b3a-b79d-8798ceab340a
tch_20200716-122345_28,4ba2e3ff-c732-11ea-af23-0242ac110002,std_1594882940484_28,47877d42-756d-4ee9-b591-f46e4c199561
tch_20200716-122345_26,185d2141-c732-11ea-96b3-0242ac110002,std_1594882854453_26,4c16ef0c-cba6-4fef-9b97-0deb053643ad
tch_20200716-122345_32,86adf152-c732-11ea-89f8-0242ac110002,std_1594883039534_32,65519818-5222-4e05-ac96-824b1bce5a42
tch_20200716-122345_24,e7ad23f4-c731-11ea-af23-0242ac110002,std_1594882772496_24,40b1facd-16bf-4763-a61d-afbd8bbc28f3
tch_20200716-122345_30,626b41c7-c732-11ea-acee-0242ac110002,std_1594882978686_30,70358fa1-9b21-47aa-a477-48bccc09c1fd
tch_20200716-122345_27,23039188-c732-11ea-af23-0242ac110002,std_1594882872320_27,e96e6168-cc65-4c47-a3eb-a62ef62ee9d3
tch_20200716-122345_28,44c5b086-c732-11ea-af23-0242ac110002,std_1594882928937_28,47877d42-756d-4ee9-b591-f46e4c199561
tch_20200716-122345_32,7faf054e-c732-11ea-af23-0242ac110002,std_1594883027778_32,65519818-5222-4e05-ac96-824b1bce5a42
tch_20200716-122345_30,5c8a9687-c732-11ea-89f8-0242ac110002,std_1594882968830_30,70358fa1-9b21-47aa-a477-48bccc09c1fd
tch_20200716-122345_27,1d44510e-c732-11ea-af23-0242ac110002,std_1594882862659_27,e96e6168-cc65-4c47-a3eb-a62ef62ee9d3
tch_20200716-122345_29,420b249a-c732-11ea-acee-0242ac110002,std_1594882924396_29,cd0ce6b2-e26b-4190-a690-bf60e590de4c
tch_20200716-122345_32,79ff2d32-c732-11ea-96b3-0242ac110002,std_1594883018254_32,65519818-5222-4e05-ac96-824b1bce5a42
tch_20200716-122345_31,6ae70a89-c732-11ea-89f8-0242ac110002,std_1594882992926_31,8ec59f47-6036-45fc-8b6d-ecaf016af28c
tch_20200716-122345_30,561154aa-c732-11ea-89f8-0242ac110002,std_1594882957951_30,70358fa1-9b21-47aa-a477-48bccc09c1fd
tch_20200716-122345_29,3d085650-c732-11ea-96b3-0242ac110002,std_1594882915988_29,cd0ce6b2-e26b-4190-a690-bf60e590de4c
tch_20200716-122345_31,64c9cbb2-c732-11ea-af23-0242ac110002,std_1594882982687_31,8ec59f47-6036-45fc-8b6d-ecaf016af28c
tch_20200716-122345_30,4fcd7b42-c732-11ea-af23-0242ac110002,std_1594882947442_30,70358fa1-9b21-47aa-a477-48bccc09c1fd
tch_20200716-122345_33,9aa8d7d4-c732-11ea-89f8-0242ac110002,std_1594883073046_33,498b6fcc-6dde-48e5-903d-1198cb04365e
tch_20200716-122345_26,1258e7d4-c732-11ea-89f8-0242ac110002,std_1594882844360_26,b1f87919-a073-4cf5-beea-95544711f8f2
tch_20200716-122345_29,37c23c71-c732-11ea-acee-0242ac110002,std_1594882907141_29,cd0ce6b2-e26b-4190-a690-bf60e590de4c
tch_20200716-122345_33,94c79009-c732-11ea-af23-0242ac110002,std_1594883063190_33,498b6fcc-6dde-48e5-903d-1198cb04365e
tch_20200716-122345_26,0ce7a05c-c732-11ea-af23-0242ac110002,std_1594882835232_26,b1f87919-a073-4cf5-beea-95544711f8f2
tch_20200716-122345_31,5f4375b5-c732-11ea-89f8-0242ac110002,std_1594882973390_31,8ec59f47-6036-45fc-8b6d-ecaf016af28c
tch_20200716-122345_28,3d67dab9-c732-11ea-af23-0242ac110002,std_1594882916592_28,c63e98c1-5c47-454a-9474-4234feb51fdf
tch_20200716-122345_29,32283797-c732-11ea-acee-0242ac110002,std_1594882897739_29,cd0ce6b2-e26b-4190-a690-bf60e590de4c
tch_20200716-122345_27,15ea9a5f-c732-11ea-acee-0242ac110002,std_1594882850349_27,bd02741a-789a-4ea6-9630-add8c60b1689
tch_20200716-122345_26,06171675-c732-11ea-89f8-0242ac110002,std_1594882823776_26,b1f87919-a073-4cf5-beea-95544711f8f2
tch_20200716-122345_33,8faccd1b-c732-11ea-acee-0242ac110002,std_1594883054610_33,498b6fcc-6dde-48e5-903d-1198cb04365e
tch_20200716-122345_28,38793134-c732-11ea-af23-0242ac110002,std_1594882908338_28,c63e98c1-5c47-454a-9474-4234feb51fdf
tch_20200716-122345_31,59a0216d-c732-11ea-96b3-0242ac110002,std_1594882963958_31,8ec59f47-6036-45fc-8b6d-ecaf016af28c
tch_20200716-122345_29,2ba46edf-c732-11ea-af23-0242ac110002,std_1594882886781_29,cd0ce6b2-e26b-4190-a690-bf60e590de4c
tch_20200716-122345_27,0ea33382-c732-11ea-96b3-0242ac110002,std_1594882838124_27,bd02741a-789a-4ea6-9630-add8c60b1689
tch_20200716-122345_32,73b67185-c732-11ea-89f8-0242ac110002,std_1594883007680_32,2a6661ce-98a3-4294-8149-be2fa642e89d
tch_20200716-122345_33,88a2e313-c732-11ea-af23-0242ac110002,std_1594883042822_33,498b6fcc-6dde-48e5-903d-1198cb04365e
tch_20200716-122345_26,ffa1a5fb-c731-11ea-acee-0242ac110002,std_1594882812952_26,b1f87919-a073-4cf5-beea-95544711f8f2
tch_20200716-122345_28,31a4885e-c732-11ea-96b3-0242ac110002,std_1594882896876_28,c63e98c1-5c47-454a-9474-4234feb51fdf
tch_20200716-122345_31,54434c35-c732-11ea-af23-0242ac110002,std_1594882954927_31,8ec59f47-6036-45fc-8b6d-ecaf016af28c
tch_20200716-122345_27,0a0d570b-c732-11ea-af23-0242ac110002,std_1594882830447_27,bd02741a-789a-4ea6-9630-add8c60b1689
tch_20200716-122345_32,6d8e0f1e-c732-11ea-acee-0242ac110002,std_1594882997379_32,2a6661ce-98a3-4294-8149-be2fa642e89d
tch_20200716-122345_33,83c8d2fe-c732-11ea-96b3-0242ac110002,std_1594883034671_33,498b6fcc-6dde-48e5-903d-1198cb04365e
tch_20200716-122345_30,48a02b79-c732-11ea-acee-0242ac110002,std_1594882935409_30,38567ec9-dcdf-4908-9cd0-4cb3970bf09f
tch_20200716-122345_26,f8a095ef-c731-11ea-89f8-0242ac110002,std_1594882800894_26,b1f87919-a073-4cf5-beea-95544711f8f2
tch_20200716-122345_28,2b1fd56c-c732-11ea-acee-0242ac110002,std_1594882885922_28,c63e98c1-5c47-454a-9474-4234feb51fdf
tch_20200716-122345_34,a2f8fc97-c732-11ea-af23-0242ac110002,std_1594883079939_34,5e64e1f4-64dc-47bf-870e-00e7c13f24e0
tch_20200716-122345_27,041cf4af-c732-11ea-acee-0242ac110002,std_1594882820452_27,bd02741a-789a-4ea6-9630-add8c60b1689
tch_20200716-122345_30,43195fa8-c732-11ea-89f8-0242ac110002,std_1594882926140_30,38567ec9-dcdf-4908-9cd0-4cb3970bf09f
tch_20200716-122345_28,25e61857-c732-11ea-89f8-0242ac110002,std_1594882877147_28,c63e98c1-5c47-454a-9474-4234feb51fdf
tch_20200716-122345_32,67a3c681-c732-11ea-af23-0242ac110002,std_1594882987459_32,2a6661ce-98a3-4294-8149-be2fa642e89d
tch_20200716-122345_34,996ad99b-c732-11ea-af23-0242ac110002,std_1594883070964_34,5e64e1f4-64dc-47bf-870e-00e7c13f24e0
tch_20200716-122345_27,fd6793c9-c731-11ea-af23-0242ac110002,std_1594882808946_27,bd02741a-789a-4ea6-9630-add8c60b1689
tch_20200716-122345_29,2570c10e-c732-11ea-af23-0242ac110002,std_1594882876357_29,7604cadf-9607-4b7f-b53b-a7a56edad46d
tch_20200716-122345_30,3d191ed4-c732-11ea-af23-0242ac110002,std_1594882916070_30,38567ec9-dcdf-4908-9cd0-4cb3970bf09f
tch_20200716-122345_32,60e42d48-c732-11ea-acee-0242ac110002,std_1594882976140_32,2a6661ce-98a3-4294-8149-be2fa642e89d
tch_20200716-122345_31,4f492fb0-c732-11ea-96b3-0242ac110002,std_1594882946593_31,fbf247ae-b4bc-4e28-a66c-55551bf8d639
tch_20200716-122345_34,926fe42a-c732-11ea-acee-0242ac110002,std_1594883059259_34,5e64e1f4-64dc-47bf-870e-00e7c13f24e0
tch_20200716-122345_29,1ec636a0-c732-11ea-af23-0242ac110002,std_1594882865211_29,7604cadf-9607-4b7f-b53b-a7a56edad46d
tch_20200716-122345_30,367c0141-c732-11ea-af23-0242ac110002,std_1594882904970_30,38567ec9-dcdf-4908-9cd0-4cb3970bf09f
tch_20200716-122345_32,5c309074-c732-11ea-acee-0242ac110002,std_1594882968148_32,2a6661ce-98a3-4294-8149-be2fa642e89d
tch_20200716-122345_33,7d180665-c732-11ea-89f8-0242ac110002,std_1594883023379_33,ddd4cb8c-c998-4691-893e-d1e1469ad205
tch_20200716-122345_31,4aa08f7a-c732-11ea-acee-0242ac110002,std_1594882938750_31,fbf247ae-b4bc-4e28-a66c-55551bf8d639
tch_20200716-122345_29,18b9237d-c732-11ea-96b3-0242ac110002,std_1594882855055_29,7604cadf-9607-4b7f-b53b-a7a56edad46d
tch_20200716-122345_34,8c1c0507-c732-11ea-acee-0242ac110002,std_1594883048638_34,5e64e1f4-64dc-47bf-870e-00e7c13f24e0
tch_20200716-122345_30,2f416b04-c732-11ea-96b3-0242ac110002,std_1594882892838_30,38567ec9-dcdf-4908-9cd0-4cb3970bf09f
tch_20200716-122345_33,77d2d7b6-c732-11ea-96b3-0242ac110002,std_1594883014567_33,ddd4cb8c-c998-4691-893e-d1e1469ad205
tch_20200716-122345_28,1ea6a05b-c732-11ea-acee-0242ac110002,std_1594882864992_28,63b70108-4622-4aac-8975-76f516bf387d
tch_20200716-122345_31,434c7e0b-c732-11ea-89f8-0242ac110002,std_1594882926494_31,fbf247ae-b4bc-4e28-a66c-55551bf8d639
tch_20200716-122345_29,1395384e-c732-11ea-89f8-0242ac110002,std_1594882846418_29,7604cadf-9607-4b7f-b53b-a7a56edad46d
tch_20200716-122345_34,8792ab99-c732-11ea-acee-0242ac110002,std_1594883041035_34,5e64e1f4-64dc-47bf-870e-00e7c13f24e0
tch_20200716-122345_28,187c1aa7-c732-11ea-89f8-0242ac110002,std_1594882854660_28,63b70108-4622-4aac-8975-76f516bf387d
tch_20200716-122345_33,72b6dbb9-c732-11ea-96b3-0242ac110002,std_1594883006017_33,ddd4cb8c-c998-4691-893e-d1e1469ad205
tch_20200716-122345_35,ade74b2a-c732-11ea-af23-0242ac110002,std_1594883105353_35,971cc187-52d3-4f66-81ae-5e77ff5a9aea
tch_20200716-122345_31,3dcd53a2-c732-11ea-89f8-0242ac110002,std_1594882917277_31,fbf247ae-b4bc-4e28-a66c-55551bf8d639
tch_20200716-122345_29,0e899085-c732-11ea-acee-0242ac110002,std_1594882837691_29,7604cadf-9607-4b7f-b53b-a7a56edad46d
tch_20200716-122345_28,12b11aa3-c732-11ea-96b3-0242ac110002,std_1594882844943_28,63b70108-4622-4aac-8975-76f516bf387d
tch_20200716-122345_33,6bf4a9fe-c732-11ea-96b3-0242ac110002,std_1594882994701_33,ddd4cb8c-c998-4691-893e-d1e1469ad205
tch_20200716-122345_35,a97daf58-c732-11ea-96b3-0242ac110002,std_1594883097933_35,971cc187-52d3-4f66-81ae-5e77ff5a9aea
tch_20200716-122345_31,39259d67-c732-11ea-96b3-0242ac110002,std_1594882909463_31,fbf247ae-b4bc-4e28-a66c-55551bf8d639
tch_20200716-122345_36,aef18f37-c732-11ea-acee-0242ac110002,std_1594883107085_36,2cbd4914-927d-491e-b0a8-8a7cd74d510e
tch_20200716-122345_28,0e341d6c-c732-11ea-96b3-0242ac110002,std_1594882837413_28,63b70108-4622-4aac-8975-76f516bf387d
tch_20200716-122345_35,a2f1825d-c732-11ea-89f8-0242ac110002,std_1594883086946_35,971cc187-52d3-4f66-81ae-5e77ff5a9aea
tch_20200716-122345_33,656c740f-c732-11ea-96b3-0242ac110002,std_1594882983740_33,ddd4cb8c-c998-4691-893e-d1e1469ad205
tch_20200716-122345_32,55764e02-c732-11ea-96b3-0242ac110002,std_1594882956901_32,846b946e-15c3-44f2-b0fb-c329b9d5fc1c
tch_20200716-122345_36,a8605865-c732-11ea-acee-0242ac110002,std_1594883096054_36,2cbd4914-927d-491e-b0a8-8a7cd74d510e
tch_20200716-122345_28,080dddaa-c732-11ea-89f8-0242ac110002,std_1594882826765_28,63b70108-4622-4aac-8975-76f516bf387d
tch_20200716-122345_30,2a10d5cc-c732-11ea-af23-0242ac110002,std_1594882884170_30,4b87ff87-7d1e-4d5b-bf1d-aead5131a096
tch_20200716-122345_32,510908d3-c732-11ea-89f8-0242ac110002,std_1594882949538_32,846b946e-15c3-44f2-b0fb-c329b9d5fc1c
tch_20200716-122345_35,9e407cf0-c732-11ea-96b3-0242ac110002,std_1594883079063_35,971cc187-52d3-4f66-81ae-5e77ff5a9aea
tch_20200716-122345_34,82a11c11-c732-11ea-89f8-0242ac110002,std_1594883032733_34,6337d445-69a2-42e1-a359-b070dde759b9
tch_20200716-122345_36,a161ba9e-c732-11ea-96b3-0242ac110002,std_1594883084320_36,2cbd4914-927d-491e-b0a8-8a7cd74d510e
tch_20200716-122345_30,23a74b8f-c732-11ea-af23-0242ac110002,std_1594882873387_30,4b87ff87-7d1e-4d5b-bf1d-aead5131a096
tch_20200716-122345_35,98133823-c732-11ea-af23-0242ac110002,std_1594883068726_35,971cc187-52d3-4f66-81ae-5e77ff5a9aea
tch_20200716-122345_32,4c4edb32-c732-11ea-96b3-0242ac110002,std_1594882941578_32,846b946e-15c3-44f2-b0fb-c329b9d5fc1c
tch_20200716-122345_34,7d634090-c732-11ea-89f8-0242ac110002,std_1594883023893_34,6337d445-69a2-42e1-a359-b070dde759b9
tch_20200716-122345_36,9b0723c1-c732-11ea-af23-0242ac110002,std_1594883073655_36,2cbd4914-927d-491e-b0a8-8a7cd74d510e
tch_20200716-122345_30,1e66d7c5-c732-11ea-af23-0242ac110002,std_1594882864581_30,4b87ff87-7d1e-4d5b-bf1d-aead5131a096
tch_20200716-122345_32,4769ced2-c732-11ea-96b3-0242ac110002,std_1594882933387_32,846b946e-15c3-44f2-b0fb-c329b9d5fc1c
tch_20200716-122345_34,7646dff6-c732-11ea-acee-0242ac110002,std_1594883012004_34,6337d445-69a2-42e1-a359-b070dde759b9
tch_20200716-122345_31,32eebc52-c732-11ea-96b3-0242ac110002,std_1594882898985_31,d69fe043-df7b-4b9f-a218-f433940e0a1c
tch_20200716-122345_33,5e1702f4-c732-11ea-af23-0242ac110002,std_1594882971456_33,43468a48-276c-4800-9444-6bb3079f7b78
tch_20200716-122345_36,94d8a6d0-c732-11ea-acee-0242ac110002,std_1594883063294_36,2cbd4914-927d-491e-b0a8-8a7cd74d510e
tch_20200716-122345_30,19beace3-c732-11ea-af23-0242ac110002,std_1594882856704_30,4b87ff87-7d1e-4d5b-bf1d-aead5131a096
tch_20200716-122345_32,41d03e86-c732-11ea-89f8-0242ac110002,std_1594882923988_32,846b946e-15c3-44f2-b0fb-c329b9d5fc1c
tch_20200716-122345_31,2bf32b1c-c732-11ea-acee-0242ac110002,std_1594882887288_31,d69fe043-df7b-4b9f-a218-f433940e0a1c
tch_20200716-122345_34,7080c27c-c732-11ea-89f8-0242ac110002,std_1594883002341_34,6337d445-69a2-42e1-a359-b070dde759b9
tch_20200716-122345_37,b9c885a4-c732-11ea-af23-0242ac110002,std_1594883125256_37,1dc6f04e-329f-4801-9452-e7f0cb6172e9
tch_20200716-122345_33,56f1a31d-c732-11ea-af23-0242ac110002,std_1594882959450_33,43468a48-276c-4800-9444-6bb3079f7b78
tch_20200716-122345_30,1473639b-c732-11ea-acee-0242ac110002,std_1594882847575_30,4b87ff87-7d1e-4d5b-bf1d-aead5131a096
tch_20200716-122345_34,6aa2d605-c732-11ea-acee-0242ac110002,std_1594882992486_34,6337d445-69a2-42e1-a359-b070dde759b9
tch_20200716-122345_31,269e44a6-c732-11ea-96b3-0242ac110002,std_1594882878354_31,d69fe043-df7b-4b9f-a218-f433940e0a1c
tch_20200716-122345_37,b4c3bb4c-c732-11ea-96b3-0242ac110002,std_1594883116866_37,1dc6f04e-329f-4801-9452-e7f0cb6172e9
tch_20200716-122345_35,92c88be0-c732-11ea-acee-0242ac110002,std_1594883059829_35,68c7a47f-178c-484c-bda3-df739663e275
tch_20200716-122345_33,51a102d1-c732-11ea-af23-0242ac110002,std_1594882950542_33,43468a48-276c-4800-9444-6bb3079f7b78
tch_20200716-122345_31,21d15314-c732-11ea-96b3-0242ac110002,std_1594882870319_31,d69fe043-df7b-4b9f-a218-f433940e0a1c
tch_20200716-122345_35,8b814af3-c732-11ea-acee-0242ac110002,std_1594883047642_35,68c7a47f-178c-484c-bda3-df739663e275
tch_20200716-122345_33,4b7bfbc5-c732-11ea-96b3-0242ac110002,std_1594882940206_33,43468a48-276c-4800-9444-6bb3079f7b78
tch_20200716-122345_37,ae1ba1e6-c732-11ea-af23-0242ac110002,std_1594883105634_37,1dc6f04e-329f-4801-9452-e7f0cb6172e9
tch_20200716-122345_36,906ce853-c732-11ea-96b3-0242ac110002,std_1594883055876_36,479c76ca-c4b0-4d45-a0fe-1e11b25244f9
tch_20200716-122345_38,bf4e192c-c732-11ea-acee-0242ac110002,std_1594883134542_38,0a5975ea-c589-4daa-943d-7d25eec88e68
tch_20200716-122345_31,1c38fbac-c732-11ea-96b3-0242ac110002,std_1594882860638_31,d69fe043-df7b-4b9f-a218-f433940e0a1c
tch_20200716-122345_35,8444e076-c732-11ea-96b3-0242ac110002,std_1594883035508_35,68c7a47f-178c-484c-bda3-df739663e275
tch_20200716-122345_36,89f22056-c732-11ea-89f8-0242ac110002,std_1594883045003_36,479c76ca-c4b0-4d45-a0fe-1e11b25244f9
tch_20200716-122345_33,4654b4a6-c732-11ea-89f8-0242ac110002,std_1594882931581_33,43468a48-276c-4800-9444-6bb3079f7b78
tch_20200716-122345_37,a9096a4a-c732-11ea-96b3-0242ac110002,std_1594883097179_37,1dc6f04e-329f-4801-9452-e7f0cb6172e9
tch_20200716-122345_38,b9d2bebd-c732-11ea-acee-0242ac110002,std_1594883125301_38,0a5975ea-c589-4daa-943d-7d25eec88e68
tch_20200716-122345_32,3a9580fa-c732-11ea-89f8-0242ac110002,std_1594882911860_32,94e3509f-9743-4573-a969-c6f70940c240
tch_20200716-122345_35,7d80b2d2-c732-11ea-89f8-0242ac110002,std_1594883024152_35,68c7a47f-178c-484c-bda3-df739663e275
tch_20200716-122345_36,851f894c-c732-11ea-89f8-0242ac110002,std_1594883036904_36,479c76ca-c4b0-4d45-a0fe-1e11b25244f9
tch_20200716-122345_39,c23bc2c3-c732-11ea-96b3-0242ac110002,std_1594883139440_39,13039878-d1a4-4ba9-9018-18140eebaf0d
tch_20200716-122345_37,a32bcbd6-c732-11ea-96b3-0242ac110002,std_1594883087330_37,1dc6f04e-329f-4801-9452-e7f0cb6172e9
tch_20200716-122345_34,63d50b4c-c732-11ea-89f8-0242ac110002,std_1594882981046_34,76784723-8c0d-46ef-973b-7747173f668f
tch_20200716-122345_38,b3c6974f-c732-11ea-acee-0242ac110002,std_1594883115199_38,0a5975ea-c589-4daa-943d-7d25eec88e68
tch_20200716-122345_32,35108aed-c732-11ea-89f8-0242ac110002,std_1594882902615_32,94e3509f-9743-4573-a969-c6f70940c240
tch_20200716-122345_35,77cbf9b7-c732-11ea-96b3-0242ac110002,std_1594883014534_35,68c7a47f-178c-484c-bda3-df739663e275
tch_20200716-122345_36,7f781607-c732-11ea-96b3-0242ac110002,std_1594883027411_36,479c76ca-c4b0-4d45-a0fe-1e11b25244f9
tch_20200716-122345_34,5d721086-c732-11ea-96b3-0242ac110002,std_1594882970354_34,76784723-8c0d-46ef-973b-7747173f668f
tch_20200716-122345_39,bb70b7cd-c732-11ea-89f8-0242ac110002,std_1594883128034_39,13039878-d1a4-4ba9-9018-18140eebaf0d
tch_20200716-122345_38,af4ccf10-c732-11ea-acee-0242ac110002,std_1594883107654_38,0a5975ea-c589-4daa-943d-7d25eec88e68
tch_20200716-122345_32,2f318d00-c732-11ea-acee-0242ac110002,std_1594882892768_32,94e3509f-9743-4573-a969-c6f70940c240
tch_20200716-122345_36,791cbd18-c732-11ea-89f8-0242ac110002,std_1594883016768_36,479c76ca-c4b0-4d45-a0fe-1e11b25244f9
tch_20200716-122345_34,57ce950f-c732-11ea-89f8-0242ac110002,std_1594882960895_34,76784723-8c0d-46ef-973b-7747173f668f
tch_20200716-122345_38,a8633f5f-c732-11ea-af23-0242ac110002,std_1594883096085_38,0a5975ea-c589-4daa-943d-7d25eec88e68
tch_20200716-122345_39,b6a3c65e-c732-11ea-af23-0242ac110002,std_1594883120000_39,13039878-d1a4-4ba9-9018-18140eebaf0d
tch_20200716-122345_32,2851c171-c732-11ea-96b3-0242ac110002,std_1594882881208_32,94e3509f-9743-4573-a969-c6f70940c240
tch_20200716-122345_33,3fef70a6-c732-11ea-89f8-0242ac110002,std_1594882920842_33,2d0d70f2-0732-4cbd-a711-060d8dbd5164
tch_20200716-122345_34,50ec58d3-c732-11ea-89f8-0242ac110002,std_1594882949339_34,76784723-8c0d-46ef-973b-7747173f668f
tch_20200716-122345_39,afb7ec49-c732-11ea-acee-0242ac110002,std_1594883108381_39,13039878-d1a4-4ba9-9018-18140eebaf0d
tch_20200716-122345_32,218c5afa-c732-11ea-89f8-0242ac110002,std_1594882869582_32,94e3509f-9743-4573-a969-c6f70940c240
tch_20200716-122345_34,4c846aaa-c732-11ea-96b3-0242ac110002,std_1594882941944_34,76784723-8c0d-46ef-973b-7747173f668f
tch_20200716-122345_37,9be4d972-c732-11ea-acee-0242ac110002,std_1594883075090_37,584ddedc-b4dc-4b77-8807-59e32676faf1
tch_20200716-122345_33,3a9336d9-c732-11ea-96b3-0242ac110002,std_1594882911855_33,2d0d70f2-0732-4cbd-a711-060d8dbd5164
tch_20200716-122345_39,a8a8fadb-c732-11ea-acee-0242ac110002,std_1594883096548_39,13039878-d1a4-4ba9-9018-18140eebaf0d
tch_20200716-122345_35,71aa9c75-c732-11ea-96b3-0242ac110002,std_1594883004264_35,80d9407c-0915-4f6c-bdb8-55b283cedfd9
tch_20200716-122345_36,7468d127-c732-11ea-af23-0242ac110002,std_1594883008882_36,1409fc09-88b3-45cf-b8ce-be0cfaaa42cb
tch_20200716-122345_37,975bf6de-c732-11ea-af23-0242ac110002,std_1594883067535_37,584ddedc-b4dc-4b77-8807-59e32676faf1
tch_20200716-122345_33,33484df4-c732-11ea-89f8-0242ac110002,std_1594882899615_33,2d0d70f2-0732-4cbd-a711-060d8dbd5164
tch_20200716-122345_35,6cc42eef-c732-11ea-89f8-0242ac110002,std_1594882996053_35,80d9407c-0915-4f6c-bdb8-55b283cedfd9
tch_20200716-122345_36,6e1ce1a3-c732-11ea-acee-0242ac110002,std_1594882998292_36,1409fc09-88b3-45cf-b8ce-be0cfaaa42cb
tch_20200716-122345_40,cfeb0718-c732-11ea-89f8-0242ac110002,std_1594883162372_40,cad635ac-a16f-46a5-b1aa-894b880bcf83
tch_20200716-122345_37,908be222-c732-11ea-af23-0242ac110002,std_1594883056085_37,584ddedc-b4dc-4b77-8807-59e32676faf1
tch_20200716-122345_33,2e08c3dc-c732-11ea-af23-0242ac110002,std_1594882890788_33,2d0d70f2-0732-4cbd-a711-060d8dbd5164
tch_20200716-122345_35,65aadcfc-c732-11ea-acee-0242ac110002,std_1594882984160_35,80d9407c-0915-4f6c-bdb8-55b283cedfd9
tch_20200716-122345_36,67e16bc5-c732-11ea-89f8-0242ac110002,std_1594882987815_36,1409fc09-88b3-45cf-b8ce-be0cfaaa42cb
tch_20200716-122345_38,a21f64d6-c732-11ea-af23-0242ac110002,std_1594883085580_38,938ac638-b058-4b15-8c69-dac9dea393a9
tch_20200716-122345_37,8a9f017c-c732-11ea-af23-0242ac110002,std_1594883046152_37,584ddedc-b4dc-4b77-8807-59e32676faf1
tch_20200716-122345_40,cafa131d-c732-11ea-89f8-0242ac110002,std_1594883154095_40,cad635ac-a16f-46a5-b1aa-894b880bcf83
tch_20200716-122345_33,28ad9c31-c732-11ea-89f8-0242ac110002,std_1594882881540_33,2d0d70f2-0732-4cbd-a711-060d8dbd5164
tch_20200716-122345_39,a44096e8-c732-11ea-96b3-0242ac110002,std_1594883089135_39,b05d2e93-6fb3-4ae7-ac78-6d9392592a89
tch_20200716-122345_35,60a59d3c-c732-11ea-acee-0242ac110002,std_1594882975724_35,80d9407c-0915-4f6c-bdb8-55b283cedfd9
tch_20200716-122345_36,61acd42a-c732-11ea-af23-0242ac110002,std_1594882977458_36,1409fc09-88b3-45cf-b8ce-be0cfaaa42cb
tch_20200716-122345_38,9996f23b-c732-11ea-acee-0242ac110002,std_1594883071237_38,938ac638-b058-4b15-8c69-dac9dea393a9
tch_20200716-122345_34,481c7c4c-c732-11ea-af23-0242ac110002,std_1594882934533_34,ef1c5442-1f2f-43e9-a755-484f0db64c1a
tch_20200716-122345_40,c49ee029-c732-11ea-96b3-0242ac110002,std_1594883143453_40,cad635ac-a16f-46a5-b1aa-894b880bcf83
tch_20200716-122345_37,83c57787-c732-11ea-96b3-0242ac110002,std_1594883034670_37,584ddedc-b4dc-4b77-8807-59e32676faf1
tch_20200716-122345_39,9d0a952d-c732-11ea-af23-0242ac110002,std_1594883077057_39,b05d2e93-6fb3-4ae7-ac78-6d9392592a89
tch_20200716-122345_35,5b273676-c732-11ea-89f8-0242ac110002,std_1594882966503_35,80d9407c-0915-4f6c-bdb8-55b283cedfd9
tch_20200716-122345_38,93e3bfa2-c732-11ea-acee-0242ac110002,std_1594883061699_38,938ac638-b058-4b15-8c69-dac9dea393a9
tch_20200716-122345_36,5bc6aae7-c732-11ea-af23-0242ac110002,std_1594882967564_36,1409fc09-88b3-45cf-b8ce-be0cfaaa42cb
tch_20200716-122345_34,427641f6-c732-11ea-af23-0242ac110002,std_1594882925078_34,ef1c5442-1f2f-43e9-a755-484f0db64c1a
tch_20200716-122345_40,bef3c480-c732-11ea-89f8-0242ac110002,std_1594883133932_40,cad635ac-a16f-46a5-b1aa-894b880bcf83
tch_20200716-122345_39,97ab27be-c732-11ea-af23-0242ac110002,std_1594883068047_39,b05d2e93-6fb3-4ae7-ac78-6d9392592a89
tch_20200716-122345_38,8caa1407-c732-11ea-96b3-0242ac110002,std_1594883049566_38,938ac638-b058-4b15-8c69-dac9dea393a9
tch_20200716-122345_34,3c1a4bf6-c732-11ea-96b3-0242ac110002,std_1594882914378_34,ef1c5442-1f2f-43e9-a755-484f0db64c1a
tch_20200716-122345_40,b90b9f15-c732-11ea-89f8-0242ac110002,std_1594883124035_40,cad635ac-a16f-46a5-b1aa-894b880bcf83
tch_20200716-122345_39,915329be-c732-11ea-96b3-0242ac110002,std_1594883057404_39,b05d2e93-6fb3-4ae7-ac78-6d9392592a89
tch_20200716-122345_38,855abd6e-c732-11ea-96b3-0242ac110002,std_1594883037295_38,938ac638-b058-4b15-8c69-dac9dea393a9
tch_20200716-122345_34,352cec8b-c732-11ea-96b3-0242ac110002,std_1594882902786_34,ef1c5442-1f2f-43e9-a755-484f0db64c1a
tch_20200716-122345_39,8c7bd7dd-c732-11ea-acee-0242ac110002,std_1594883049270_39,b05d2e93-6fb3-4ae7-ac78-6d9392592a89
tch_20200716-122345_35,53ff1715-c732-11ea-89f8-0242ac110002,std_1594882954509_35,64e8bbd8-b380-44bd-b481-48fdc2f03be9
tch_20200716-122345_34,2f4d2b9f-c732-11ea-acee-0242ac110002,std_1594882892652_34,ef1c5442-1f2f-43e9-a755-484f0db64c1a
tch_20200716-122345_37,7e881149-c732-11ea-af23-0242ac110002,std_1594883025867_37,20ddd66d-47b6-4b76-8fcf-54aadd9e9d9d
tch_20200716-122345_35,4e206740-c732-11ea-89f8-0242ac110002,std_1594882944660_35,64e8bbd8-b380-44bd-b481-48fdc2f03be9
tch_20200716-122345_36,56300085-c732-11ea-89f8-0242ac110002,std_1594882958184_36,f3375a50-d08c-4bce-9991-6238ab97bd0b
tch_20200716-122345_37,7965d384-c732-11ea-89f8-0242ac110002,std_1594883017252_37,20ddd66d-47b6-4b76-8fcf-54aadd9e9d9d
tch_20200716-122345_35,481cca8d-c732-11ea-acee-0242ac110002,std_1594882934564_35,64e8bbd8-b380-44bd-b481-48fdc2f03be9
tch_20200716-122345_38,7e416b02-c732-11ea-acee-0242ac110002,std_1594883025396_38,fc8ff251-d532-4a85-b1d9-a567ee15f0ff
tch_20200716-122345_36,4ffe017e-c732-11ea-acee-0242ac110002,std_1594882947797_36,f3375a50-d08c-4bce-9991-6238ab97bd0b
tch_20200716-122345_39,87f25851-c732-11ea-acee-0242ac110002,std_1594883041654_39,54ec9201-bbc1-43a2-acf2-32eb370428ed
tch_20200716-122345_37,73b9a5b4-c732-11ea-acee-0242ac110002,std_1594883007725_37,20ddd66d-47b6-4b76-8fcf-54aadd9e9d9d
tch_20200716-122345_40,b3ffa866-c732-11ea-96b3-0242ac110002,std_1594883115566_40,13d67506-f0af-43e1-8dce-14c7175d8d52
tch_20200716-122345_35,411e059d-c732-11ea-89f8-0242ac110002,std_1594882922810_35,64e8bbd8-b380-44bd-b481-48fdc2f03be9
tch_20200716-122345_38,7864b71b-c732-11ea-96b3-0242ac110002,std_1594883015576_38,fc8ff251-d532-4a85-b1d9-a567ee15f0ff
tch_20200716-122345_36,4973a84b-c732-11ea-96b3-0242ac110002,std_1594882936802_36,f3375a50-d08c-4bce-9991-6238ab97bd0b
tch_20200716-122345_39,8350475e-c732-11ea-89f8-0242ac110002,std_1594883033873_39,54ec9201-bbc1-43a2-acf2-32eb370428ed
tch_20200716-122345_40,acc1690a-c732-11ea-96b3-0242ac110002,std_1594883103420_40,13d67506-f0af-43e1-8dce-14c7175d8d52
tch_20200716-122345_37,6da4f297-c732-11ea-af23-0242ac110002,std_1594882997505_37,20ddd66d-47b6-4b76-8fcf-54aadd9e9d9d
tch_20200716-122345_35,3b8bc877-c732-11ea-96b3-0242ac110002,std_1594882913196_35,64e8bbd8-b380-44bd-b481-48fdc2f03be9
tch_20200716-122345_38,72baac5a-c732-11ea-af23-0242ac110002,std_1594883006067_38,fc8ff251-d532-4a85-b1d9-a567ee15f0ff
tch_20200716-122345_40,a5a9ebbd-c732-11ea-acee-0242ac110002,std_1594883091520_40,13d67506-f0af-43e1-8dce-14c7175d8d52
tch_20200716-122345_36,4446bc80-c732-11ea-acee-0242ac110002,std_1594882928116_36,f3375a50-d08c-4bce-9991-6238ab97bd0b
tch_20200716-122345_37,677b2f88-c732-11ea-96b3-0242ac110002,std_1594882987190_37,20ddd66d-47b6-4b76-8fcf-54aadd9e9d9d
tch_20200716-122345_39,7c1a6c6c-c732-11ea-89f8-0242ac110002,std_1594883021781_39,54ec9201-bbc1-43a2-acf2-32eb370428ed
tch_20200716-122345_38,6cbf4d76-c732-11ea-af23-0242ac110002,std_1594882996024_38,fc8ff251-d532-4a85-b1d9-a567ee15f0ff
tch_20200716-122345_40,9ef61165-c732-11ea-89f8-0242ac110002,std_1594883079913_40,13d67506-f0af-43e1-8dce-14c7175d8d52
tch_20200716-122345_36,3e188dd4-c732-11ea-89f8-0242ac110002,std_1594882917467_36,f3375a50-d08c-4bce-9991-6238ab97bd0b
tch_20200716-122345_39,762faed9-c732-11ea-96b3-0242ac110002,std_1594883011840_39,54ec9201-bbc1-43a2-acf2-32eb370428ed
tch_20200716-122345_38,671edf49-c732-11ea-96b3-0242ac110002,std_1594882986591_38,fc8ff251-d532-4a85-b1d9-a567ee15f0ff
tch_20200716-122345_40,97cfc719-c732-11ea-af23-0242ac110002,std_1594883068279_40,13d67506-f0af-43e1-8dce-14c7175d8d52
tch_20200716-122345_39,701de19e-c732-11ea-96b3-0242ac110002,std_1594883001688_39,54ec9201-bbc1-43a2-acf2-32eb370428ed
tch_20200716-122345_37,61bd9d2e-c732-11ea-acee-0242ac110002,std_1594882977558_37,1a04c1aa-68d5-40de-9373-7f11f76eeb7c
tch_20200716-122345_37,5abd9ec9-c732-11ea-acee-0242ac110002,std_1594882965820_37,1a04c1aa-68d5-40de-9373-7f11f76eeb7c
tch_20200716-122345_39,6aa239b2-c732-11ea-89f8-0242ac110002,std_1594882992474_39,db9cd132-730e-44db-bece-0d41095f5e7e
tch_20200716-122345_37,5430fcaa-c732-11ea-acee-0242ac110002,std_1594882954818_37,1a04c1aa-68d5-40de-9373-7f11f76eeb7c
tch_20200716-122345_38,6014811e-c732-11ea-89f8-0242ac110002,std_1594882974747_38,606830c1-3696-4397-9a7a-4405c8749aca
tch_20200716-122345_40,9253a978-c732-11ea-acee-0242ac110002,std_1594883059050_40,bfc8b639-e666-4300-8b0d-9320591178cb
tch_20200716-122345_39,64bf4426-c732-11ea-96b3-0242ac110002,std_1594882982612_39,db9cd132-730e-44db-bece-0d41095f5e7e
tch_20200716-122345_37,4d580de2-c732-11ea-89f8-0242ac110002,std_1594882943333_37,1a04c1aa-68d5-40de-9373-7f11f76eeb7c
tch_20200716-122345_38,5a946c7f-c732-11ea-acee-0242ac110002,std_1594882965541_38,606830c1-3696-4397-9a7a-4405c8749aca
tch_20200716-122345_39,6026f7a0-c732-11ea-96b3-0242ac110002,std_1594882974895_39,db9cd132-730e-44db-bece-0d41095f5e7e
tch_20200716-122345_40,8c30ec69-c732-11ea-af23-0242ac110002,std_1594883048773_40,bfc8b639-e666-4300-8b0d-9320591178cb
tch_20200716-122345_37,480858c9-c732-11ea-af23-0242ac110002,std_1594882934135_37,1a04c1aa-68d5-40de-9373-7f11f76eeb7c
tch_20200716-122345_39,59a810a8-c732-11ea-89f8-0242ac110002,std_1594882963959_39,db9cd132-730e-44db-bece-0d41095f5e7e
tch_20200716-122345_38,5518283e-c732-11ea-af23-0242ac110002,std_1594882956341_38,606830c1-3696-4397-9a7a-4405c8749aca
tch_20200716-122345_40,87aec004-c732-11ea-96b3-0242ac110002,std_1594883041191_40,bfc8b639-e666-4300-8b0d-9320591178cb
tch_20200716-122345_39,5344a03b-c732-11ea-96b3-0242ac110002,std_1594882953004_39,db9cd132-730e-44db-bece-0d41095f5e7e
tch_20200716-122345_38,5052fe98-c732-11ea-96b3-0242ac110002,std_1594882948357_38,606830c1-3696-4397-9a7a-4405c8749aca
tch_20200716-122345_40,817608b3-c732-11ea-96b3-0242ac110002,std_1594883030768_40,bfc8b639-e666-4300-8b0d-9320591178cb
tch_20200716-122345_38,4947b621-c732-11ea-89f8-0242ac110002,std_1594882936212_38,606830c1-3696-4397-9a7a-4405c8749aca
tch_20200716-122345_40,7a7791fd-c732-11ea-96b3-0242ac110002,std_1594883019058_40,bfc8b639-e666-4300-8b0d-9320591178cb
tch_20200716-122345_40,74f4bdb8-c732-11ea-96b3-0242ac110002,std_1594883009804_40,621256a1-1c24-4aaf-98b0-50342445c8b9
tch_20200716-122345_40,6efb81a7-c732-11ea-96b3-0242ac110002,std_1594882999768_40,621256a1-1c24-4aaf-98b0-50342445c8b9
tch_20200716-122345_40,6905eeb1-c732-11ea-89f8-0242ac110002,std_1594882989779_40,621256a1-1c24-4aaf-98b0-50342445c8b9
tch_20200716-122345_40,63502451-c732-11ea-96b3-0242ac110002,std_1594882980216_40,621256a1-1c24-4aaf-98b0-50342445c8b9
tch_20200716-122345_40,5e71f409-c732-11ea-96b3-0242ac110002,std_1594882971720_40,621256a1-1c24-4aaf-98b0-50342445c8b9
