tch_20200707-163005_1,Xdmg-N9uV
tch_20200707-163005_2,uvM8-nUWf
tch_20200707-163005_3,6X3v-zd3b
tch_20200707-163005_4,gPi7-4RU7
tch_20200707-163005_5,AviZ-jUHG
tch_20200707-163005_6,97Hm-MXLT
tch_20200707-163005_7,K8qc-UF3W
tch_20200707-163005_8,py9o-3Y7B
tch_20200707-163005_9,JG97-tWyV
tch_20200707-163005_10,pYsJ-KXY6
tch_20200707-163005_11,KH9t-3e2c
tch_20200707-163005_12,kn2F-86Q3
tch_20200707-163005_13,Yzsh-m3L8
tch_20200707-163005_14,Rzyw-D3L2
tch_20200707-163005_15,Vp6y-ptMy
tch_20200707-163005_16,BAr6-3muz
tch_20200707-163005_17,32t2-DKra
tch_20200707-163005_18,mz7K-4w34
tch_20200707-163005_19,U4fq-2dn6
tch_20200707-163005_20,3PLe-fk7s
tch_20200707-163005_21,4sH9-Ws4U
tch_20200707-163005_22,N7yJ-FN4J
tch_20200707-163005_23,eyPk-WG4z
tch_20200707-163005_24,4XEP-sNz2
tch_20200707-163005_25,r7tL-czcQ
tch_20200707-163005_26,4N39-2j7X
tch_20200707-163005_27,e38q-cK2W
tch_20200707-163005_28,nQj8-E9vx
tch_20200707-163005_29,oCUT-3aGB
tch_20200707-163005_30,9ztY-b3Yq
tch_20200707-163005_31,xdah-LRgF
tch_20200707-163005_32,BqH3-YT6j
tch_20200707-163005_33,G7hi-8DT8
tch_20200707-163005_34,9PqD-c7Pd
tch_20200707-163005_35,sPFu-Z7C8
tch_20200707-163005_36,6ea9-824X
tch_20200707-163005_37,H6w2-6yuK
tch_20200707-163005_38,cnV8-UN8F
tch_20200707-163005_39,HZpK-cmqV
tch_20200707-163005_40,yWKW-kHcp
tch_20200707-163005_41,9xWg-Ea48
tch_20200707-163005_42,ijF7-4b3A
tch_20200707-163005_43,qmFn-c7hD
tch_20200707-163005_44,w6PG-p2k2
tch_20200707-163005_45,rLFx-Kny6
tch_20200707-163005_46,X92X-Wyp4
tch_20200707-163005_47,32b7-VRc6
tch_20200707-163005_48,M8nC-2yAr
tch_20200707-163005_49,bUta-Pm4V
tch_20200707-163005_50,Y7ya-qR7j
tch_20200707-163005_51,m9A4-BwRy
tch_20200707-163005_52,r3EQ-3LDj
tch_20200707-163005_53,94hP-h9Yo
tch_20200707-163005_54,B37V-B93g
tch_20200707-163005_55,u6Jn-62k8
tch_20200707-163005_56,ai2G-7dKW
tch_20200707-163005_57,9t8N-EWK2
tch_20200707-163005_58,67EY-9aJG
tch_20200707-163005_59,cnKm-4erN
tch_20200707-163005_60,p3cA-Hx73
tch_20200707-163005_61,Pr8u-oqPZ
tch_20200707-163005_62,x7kB-2Pc7
tch_20200707-163005_63,P2ak-D3Rq
tch_20200707-163005_64,F7Pa-2Mma
tch_20200707-163005_65,E9Lj-H6q2
tch_20200707-163005_66,LcZa-JzKD
tch_20200707-163005_67,dTtA-kgY3
tch_20200707-163005_68,7Ef7-b2gU
tch_20200707-163005_69,79Aq-Q7eq
tch_20200707-163005_70,6Qf3-igp4
tch_20200707-163005_71,D98f-x36u
tch_20200707-163005_72,93vp-iZ2m
tch_20200707-163005_73,s8cP-8pk3
tch_20200707-163005_74,Tp9H-BKUs
tch_20200707-163005_75,2w94-WGTg
tch_20200707-163005_76,YGMF-7b32
tch_20200707-163005_77,n6eW-KyFC
tch_20200707-163005_78,ybF9-jDyV
tch_20200707-163005_79,tspr-8jMv
tch_20200707-163005_80,26Eo-jbKo
tch_20200707-163005_81,q7uK-e7Go
tch_20200707-163005_82,X8C7-pXQX
tch_20200707-163005_83,9xaM-2xaQ
tch_20200707-163005_84,3ZY8-HzxP
tch_20200707-163005_85,Y4fX-pBGz
tch_20200707-163005_86,y6ai-Kpn3
tch_20200707-163005_87,ypG8-7Leu
tch_20200707-163005_88,UZKG-9Amo
tch_20200707-163005_89,Dp8z-D3VL
tch_20200707-163005_90,Dr34-8Eqn
tch_20200707-163005_91,s39V-6uV8
tch_20200707-163005_92,8bz6-szDq
tch_20200707-163005_93,6am2-ZfYQ
tch_20200707-163005_94,4bY7-sNtm
tch_20200707-163005_95,23Lb-yqp4
tch_20200707-163005_96,VEXh-dcPt
tch_20200707-163005_97,cvHA-qNqo
tch_20200707-163005_98,T7o2-t7pJ
tch_20200707-163005_99,4hLU-Qh24
tch_20200707-163005_100,uyGz-uayV
