teacher,class_name
1710c6b8b032f4a200a358393ff177e1a1739a009,azgard_perf_test_class_1710_109
1710c6b8b032f4a200a358393ff177e1a1739a010,azgard_perf_test_class_1710_110
1710c6b8b032f4a200a358393ff177e1a1739a011,azgard_perf_test_class_1710_111
1710c6b8b032f4a200a358393ff177e1a1739a012,azgard_perf_test_class_1710_112
1710c6b8b032f4a200a358393ff177e1a1739a013,azgard_perf_test_class_1710_113
1710c6b7b002f4a200a358393ff177e1a1739a014,azgard_perf_test_class_1710_114
1710c6b7b002f4a200a358393ff177e1a1739a015,azgard_perf_test_class_1710_115
1710c6b7b002f4a200a358393ff177e1a1739a016,azgard_perf_test_class_1710_116
1710c6b7b002f4a200a358393ff177e1a1739a017,azgard_perf_test_class_1710_117
1710c6b7b002f4a200a358393ff177e1a1739a018,azgard_perf_test_class_1710_118
1710c6b7b002f4a200a358393ff177e1a1739a019,azgard_perf_test_class_1710_119
1710c6b7b002f4a200a358393ff177e1a1739a020,azgard_perf_test_class_1710_120
1710c6b7b002f4a200a358393ff177e1a1739a021,azgard_perf_test_class_1710_121
1710c6b7b002f4a200a358393ff177e1a1739a022,azgard_perf_test_class_1710_122
1710c6b7b002f4a200a358393ff177e1a1739a023,azgard_perf_test_class_1710_123
1710c6b7b002f4a200a358393ff177e1a1739a024,azgard_perf_test_class_1710_124
1710c6b7b002f4a200a358393ff177e1a1739a027,azgard_perf_test_class_1710_127
1710c6b7b002f4a200a358393ff177e1a1739a028,azgard_perf_test_class_1710_128
1710c6b7b002f4a200a358393ff177e1a1739a029,azgard_perf_test_class_1710_129
1710c6b7b002f4a200a358393ff177e1a1739a030,azgard_perf_test_class_1710_130
1710c6b7b002f4a200a358393ff177e1a1739a031,azgard_perf_test_class_1710_131
1710c6b7b002f4a200a358393ff177e1a1739a032,azgard_perf_test_class_1710_132
1710c6b7b002f4a200a358393ff177e1a1739a033,azgard_perf_test_class_1710_133
1710c6b7b002f4a200a358393ff177e1a1739a034,azgard_perf_test_class_1710_134
1710c6b7b002f4a200a358393ff177e1a1739a035,azgard_perf_test_class_1710_135
1710c6b7b002f4a200a358393ff177e1a1739a036,azgard_perf_test_class_1710_136
1710c6b7b002f4a200a358393ff177e1a1739a037,azgard_perf_test_class_1710_137
1710c6b7b002f4a200a358393ff177e1a1739a038,azgard_perf_test_class_1710_138
1710c6b7b002f4a200a358393ff177e1a1739a039,azgard_perf_test_class_1710_139
1710c6b7b002f4a200a358393ff177e1a1739a040,azgard_perf_test_class_1710_140
1710c6b7b002f4a200a358393ff177e1a1739a041,azgard_perf_test_class_1710_141
1710c6b7b002f4a200a358393ff177e1a1739a042,azgard_perf_test_class_1710_142
1710c6b7b002f4a200a358393ff177e1a1739a043,azgard_perf_test_class_1710_143
1710c6b7b002f4a200a358393ff177e1a1739a044,azgard_perf_test_class_1710_144
1710c6b7b002f4a200a358393ff177e1a1739a045,azgard_perf_test_class_1710_145
1710c6b7b002f4a200a358393ff177e1a1739a046,azgard_perf_test_class_1710_146
1710c6b7b002f4a200a358393ff177e1a1739a047,azgard_perf_test_class_1710_147
1710c6b7b002f4a200a358393ff177e1a1739a048,azgard_perf_test_class_1710_148
1710c6b7b002f4a200a358393ff177e1a1739a049,azgard_perf_test_class_1710_149
1710c6b7b002f4a200a358393ff177e1a1739a050,azgard_perf_test_class_1710_150
1710c6b7b002f4a200a358393ff177e1a1739a051,azgard_perf_test_class_1710_151
1710c6b7b002f4a200a358393ff177e1a1739a052,azgard_perf_test_class_1710_152
1710c6b7b002f4a200a358393ff177e1a1739a053,azgard_perf_test_class_1710_153
1710c6b7b002f4a200a358393ff177e1a1739a054,azgard_perf_test_class_1710_154
1710c6b7b002f4a200a358393ff177e1a1739a055,azgard_perf_test_class_1710_155
1710c6b7b002f4a200a358393ff177e1a1739a056,azgard_perf_test_class_1710_156
1710c6b7b002f4a200a358393ff177e1a1739a057,azgard_perf_test_class_1710_157
1710c6b7b002f4a200a358393ff177e1a1739a058,azgard_perf_test_class_1710_158
1710c6b7b002f4a200a358393ff177e1a1739a059,azgard_perf_test_class_1710_159
1710c6b7b002f4a200a358393ff177e1a1739a060,azgard_perf_test_class_1710_160
1710c6b7b002f4a200a358393ff177e1a1739a061,azgard_perf_test_class_1710_161
1710c6b7b002f4a200a358393ff177e1a1739a062,azgard_perf_test_class_1710_162
1710c6b7b002f4a200a358393ff177e1a1739a063,azgard_perf_test_class_1710_163
1710c6b7b002f4a200a358393ff177e1a1739a064,azgard_perf_test_class_1710_164
1710c6b7b002f4a200a358393ff177e1a1739a065,azgard_perf_test_class_1710_165
1710c6b7b002f4a200a358393ff177e1a1739a066,azgard_perf_test_class_1710_166
1710c6b7b002f4a200a358393ff177e1a1739a067,azgard_perf_test_class_1710_167
1710c6b7b002f4a200a358393ff177e1a1739a068,azgard_perf_test_class_1710_168
1710c6b7b002f4a200a358393ff177e1a1739a069,azgard_perf_test_class_1710_169
1710c6b7b002f4a200a358393ff177e1a1739a070,azgard_perf_test_class_1710_170
1710c6b7b002f4a200a358393ff177e1a1739a071,azgard_perf_test_class_1710_171
1710c6b7b002f4a200a358393ff177e1a1739a072,azgard_perf_test_class_1710_172
1710c6b7b002f4a200a358393ff177e1a1739a073,azgard_perf_test_class_1710_173
1710c6b7b002f4a200a358393ff177e1a1739a074,azgard_perf_test_class_1710_174
1710c6b7b002f4a200a358393ff177e1a1739a075,azgard_perf_test_class_1710_175
1710c6b7b002f4a200a358393ff177e1a1739a076,azgard_perf_test_class_1710_176
1710c6b7b002f4a200a358393ff177e1a1739a077,azgard_perf_test_class_1710_177
