1528190347915/1529471068978/1529413455920,launched
1528190347915/1529471068978/1529413455920,attempted
1528190347915/1529471068978/1529413455920,completed
1528190347915/1529471068978/1529413505313,launched
1528190347915/1529471068978/1529413505313,attempted
1528190347915/1529471068978/1529413505313,completed
1528190347915/1529471068978/1529413563359,launched
1528190347915/1529471068978/1529413563359,attempted
1528190347915/1529471068978/1529413563359,completed
1528190348277/1528190372600/1528190454820,launched
1528190348277/1528190372600/1528190454820,attempted
1528190348277/1528190372600/1528190454820,completed
1528190348277/1528190372600/1528190482680,launched
1528190348277/1528190372600/1528190482680,attempted
1528190348277/1528190372600/1528190482680,completed
1528190348277/1528190372600/1528190537622,launched
1528190348277/1528190372600/1528190537622,attempted
1528190348277/1528190372600/1528190537622,completed
1528190356039/1529477020358/1529654184788,launched
1528190356039/1529477020358/1529654184788,attempted
1528190356039/1529477020358/1529654184788,completed
1528190356039/1529477020358/1529654190542,launched
1528190356039/1529477020358/1529654190542,attempted
1528190356039/1529477020358/1529654190542,completed
1528190356039/1529477020358/1529654205565,launched
1528190356039/1529477020358/1529654205565,attempted
1528190356039/1529477020358/1529654205565,completed
1528190356039/1529477020358/1529654210660,launched
1528190356039/1529477020358/1529654210660,attempted
1528190356039/1529477020358/1529654210660,completed
1528190356039/1529477020358/1529654224551,launched
1528190356039/1529477020358/1529654224551,attempted
1528190356039/1529477020358/1529654224551,completed
1528190356039/1529477020358/1529654236359,launched
1528190356039/1529477020358/1529654236359,attempted
1528190356039/1529477020358/1529654236359,completed
1528190356039/1529477020358/1536058090593,launched
1528190356039/1529477020358/1536058090593,attempted
1528190356039/1529477020358/1536058090593,completed
1528190356039/1529477039776/1529648745546,launched
1528190356039/1529477039776/1529648745546,attempted
1528190356039/1529477039776/1529648745546,completed
1528190356039/1529477039776/1529648755660,launched
1528190356039/1529477039776/1529648755660,attempted
1528190356039/1529477039776/1529648755660,completed
1528190356039/1529477039776/1529648768037,launched
1528190356039/1529477039776/1529648768037,attempted
1528190356039/1529477039776/1529648768037,completed
1528190356039/1529477039776/1529648782284,launched
1528190356039/1529477039776/1529648782284,attempted
1528190356039/1529477039776/1529648782284,completed
1528190356039/1529477039776/1529648797580,launched
1528190356039/1529477039776/1529648797580,attempted
1528190356039/1529477039776/1529648797580,completed
1528190356039/1529477039776/1529648809739,launched
1528190356039/1529477039776/1529648809739,attempted
1528190356039/1529477039776/1529648809739,completed
1528190356039/1529477040717/1529648911406,launched
1528190356039/1529477040717/1529648911406,attempted
1528190356039/1529477040717/1529648911406,completed
1528190356039/1529477040717/1529648920176,launched
1528190356039/1529477040717/1529648920176,attempted
1528190356039/1529477040717/1529648920176,completed
1528190356039/1529477049449/1529648963498,launched
1528190356039/1529477049449/1529648963498,attempted
1528190356039/1529477049449/1529648963498,completed
1528190356039/1529477049449/1529648978577,launched
1528190356039/1529477049449/1529648978577,attempted
1528190356039/1529477049449/1529648978577,completed
1528190356039/1529477049449/1529649235318,launched
1528190356039/1529477049449/1529649235318,attempted
1528190356039/1529477049449/1529649235318,completed
1528190356039/1529477049449/1529649239946,launched
1528190356039/1529477049449/1529649239946,attempted
1528190356039/1529477049449/1529649239946,completed
1528190356039/1529477052867/1529481507906,launched
1528190356039/1529477052867/1529481507906,attempted
1528190356039/1529477052867/1529481507906,completed
1528190356039/1529477052867/1529481536601,launched
1528190356039/1529477052867/1529481536601,attempted
1528190356039/1529477052867/1529481536601,completed
1528190356039/1529477052867/1529650308310,launched
1528190356039/1529477052867/1529650308310,attempted
1528190356039/1529477052867/1529650308310,completed
1528190356039/1529477052867/1529650343294,launched
1528190356039/1529477052867/1529650343294,attempted
1528190356039/1529477052867/1529650343294,completed
1528190356039/1529477061196/1529480665423,launched
1528190356039/1529477061196/1529480665423,attempted
1528190356039/1529477061196/1529480665423,completed
1528190356039/1529477061196/1529480680937,launched
1528190356039/1529477061196/1529480680937,attempted
1528190356039/1529477061196/1529480680937,completed
